index,row,propertyTableColumn,DatabaseTableName,formatHashColumn
1,Area - Clark,MlsArea,Mls_Area,"{table: :Mls_Area, code: 'mlsarea', label: 'Clark'}"
2,Area - Cody in Town,MlsArea,Mls_Area,"{table: :Mls_Area, code: 'mlsarea', label: 'Cody in Town'}"
3,Area - Cody Out of Town,MlsArea,Mls_Area,"{table: :Mls_Area, code: 'mlsarea', label: 'Cody Out of Town'}"
4,Area - Meeteetse,MlsArea,Mls_Area,"{table: :Mls_Area, code: 'mlsarea', label: 'Meeteetse'}"
5,Area - Montana,MlsArea,Mls_Area,"{table: :Mls_Area, code: 'mlsarea', label: 'Montana'}"
6,Area - N Big Horn in Town,MlsArea,Mls_Area,"{table: :Mls_Area, code: 'mlsarea', label: 'N Big Horn in Town'}"
7,Area - N Big Horn Out of Town,MlsArea,Mls_Area,"{table: :Mls_Area, code: 'mlsarea', label: 'N Big Horn Out of Town'}"
8,Area - Out of Area,MlsArea,Mls_Area,"{table: :Mls_Area, code: 'mlsarea', label: 'Out of Area'}"
9,Area - Powell in Town,MlsArea,Mls_Area,"{table: :Mls_Area, code: 'mlsarea', label: 'Powell in Town'}"
10,Area - Powell Out of Town,MlsArea,Mls_Area,"{table: :Mls_Area, code: 'mlsarea', label: 'Powell Out of Town'}"
11,Area - S Big Horn in Town,MlsArea,Mls_Area,"{table: :Mls_Area, code: 'mlsarea', label: 'S Big Horn in Town'}"
12,Area - S Big Horn Out of Town,MlsArea,Mls_Area,"{table: :Mls_Area, code: 'mlsarea', label: 'S Big Horn Out of Town'}"
13,Area - Sunlight/Crandall,MlsArea,Mls_Area,"{table: :Mls_Area, code: 'mlsarea', label: 'Sunlight/Crandall'}"
15,Property Status - Active,PropertyStatus,Property_Status,"{table: :Property_Status, code: 'propertystatus', label: 'Active'}"
16,Property Status - Active with Contingency,PropertyStatus,Property_Status,"{table: :Property_Status, code: 'propertystatus', label: 'Active with Contingency'}"
17,Property Status - Pending,PropertyStatus,Property_Status,"{table: :Property_Status, code: 'propertystatus', label: 'Pending'}"
18,Property Status - Closed,PropertyStatus,Property_Status,"{table: :Property_Status, code: 'propertystatus', label: 'Closed'}"
19,Property Status - Withdrawn,PropertyStatus,Property_Status,"{table: :Property_Status, code: 'propertystatus', label: 'Withdrawn'}"
20,Property Status - Expired,PropertyStatus,Property_Status,"{table: :Property_Status, code: 'propertystatus', label: 'Expired'}"
21,Property Status - Temporarily Off Market,PropertyStatus,Property_Status,"{table: :Property_Status, code: 'propertystatus', label: 'Temporarily Off Market'}"
22,Property Status - Rented,PropertyStatus,Property_Status,"{table: :Property_Status, code: 'propertystatus', label: 'Rented'}"
24,Property Type - Residential,PropertySubType,Property_Sub_Type,"{table: :Property_Sub_Type, code: 'propertysubtype', label: 'Residential'}"
25,Property Type - Residential Non MLS,PropertySubType,Property_Sub_Type,"{table: :Property_Sub_Type, code: 'propertysubtype', label: 'Residential Non MLS'}"
26,Property Type - Farm/Ranch (min 35 acres),PropertySubType,Property_Sub_Type,"{table: :Property_Sub_Type, code: 'propertysubtype', label: 'Farm/Ranch (min 35 acres)'}"
27,Property Type - Farm/Ranch-Land Only,PropertySubType,Property_Sub_Type,"{table: :Property_Sub_Type, code: 'propertysubtype', label: 'Farm/Ranch-Land Only'}"
28,Property Type - Farm/Ranch Non MLS,PropertySubType,Property_Sub_Type,"{table: :Property_Sub_Type, code: 'propertysubtype', label: 'Farm/Ranch Non MLS'}"
29,Property Type - Multi-Family,PropertySubType,Property_Sub_Type,"{table: :Property_Sub_Type, code: 'propertysubtype', label: 'Multi-Family'}"
30,Property Type - Multi-Family Non MLS,PropertySubType,Property_Sub_Type,"{table: :Property_Sub_Type, code: 'propertysubtype', label: 'Multi-Family Non MLS'}"
31,Property Type - Lots/Land,PropertySubType,Property_Sub_Type,"{table: :Property_Sub_Type, code: 'propertysubtype', label: 'Lots/Land'}"
32,Property Type - Lots/Land Non MLS,PropertySubType,Property_Sub_Type,"{table: :Property_Sub_Type, code: 'propertysubtype', label: 'Lots/Land Non MLS'}"
33,Property Type - Building Only,PropertySubType,Property_Sub_Type,"{table: :Property_Sub_Type, code: 'propertysubtype', label: 'Building Only'}"
34,Property Type - Business & Building,PropertySubType,Property_Sub_Type,"{table: :Property_Sub_Type, code: 'propertysubtype', label: 'Business & Building'}"
35,Property Type - Commercial Non MLS,PropertySubType,Property_Sub_Type,"{table: :Property_Sub_Type, code: 'propertysubtype', label: 'Commercial Non MLS'}"
36,Property Type - Business Only,PropertySubType,Property_Sub_Type,"{table: :Property_Sub_Type, code: 'propertysubtype', label: 'Business Only'}"
37,Property Type - Residential Lease,PropertySubType,Property_Sub_Type,"{table: :Property_Sub_Type, code: 'propertysubtype', label: 'Residential Lease'}"
39,House Design - 1 Story,Style,Style,"{table: :Style, code: 'style', label: '1 Story'}"
40,House Design - 1.5 Story,Style,Style,"{table: :Style, code: 'style', label: '1.5 Story'}"
41,House Design - 2 Story,Style,Style,"{table: :Style, code: 'style', label: '2 Story'}"
42,House Design - 2.5 Story,Style,Style,"{table: :Style, code: 'style', label: '2.5 Story'}"
43,House Design - Bi-Level,Style,Style,"{table: :Style, code: 'style', label: 'Bi-Level'}"
44,House Design - Condominium,Style,Style,"{table: :Style, code: 'style', label: 'Condominium'}"
45,House Design - Singlewide,Style,Style,"{table: :Style, code: 'style', label: 'Singlewide'}"
46,House Design - Doublewide,Style,Style,"{table: :Style, code: 'style', label: 'Doublewide'}"
47,House Design - Triplewide,Style,Style,"{table: :Style, code: 'style', label: 'Triplewide'}"
48,House Design - Modular,Style,Style,"{table: :Style, code: 'style', label: 'Modular'}"
49,House Design - Multi-Level,Style,Style,"{table: :Style, code: 'style', label: 'Multi-Level'}"
50,House Design - Tri/Split Level,Style,Style,"{table: :Style, code: 'style', label: 'Tri/Split Level'}"
51,House Design - Townhouse,Style,Style,"{table: :Style, code: 'style', label: 'Townhouse'}"
52,House Design - Shop House,Style,Style,"{table: :Style, code: 'style', label: 'Shop House'}"
54,Construction - Block,ConstructionType,Construction_Type,"{table: :Construction_Type, code: 'constructiontype', label: 'Block'}"
55,Construction - Concrete,ConstructionType,Construction_Type,"{table: :Construction_Type, code: 'constructiontype', label: 'Concrete'}"
56,Construction - Frame,ConstructionType,Construction_Type,"{table: :Construction_Type, code: 'constructiontype', label: 'Frame'}"
57,Construction - ICFs (Insulated Concrete Forms),ConstructionType,Construction_Type,"{table: :Construction_Type, code: 'constructiontype', label: 'ICFs (Insulated Concrete Forms)'}"
58,Construction - Log,ConstructionType,Construction_Type,"{table: :Construction_Type, code: 'constructiontype', label: 'Log'}"
59,Construction - Manufactured (Post-1976),ConstructionType,Construction_Type,"{table: :Construction_Type, code: 'constructiontype', label: 'Manufactured (Post-1976)'}"
60,Construction - Mobile (Pre-1976),ConstructionType,Construction_Type,"{table: :Construction_Type, code: 'constructiontype', label: 'Mobile (Pre-1976)'}"
61,Construction - Modular,ConstructionType,Construction_Type,"{table: :Construction_Type, code: 'constructiontype', label: 'Modular'}"
62,Construction - Straw,ConstructionType,Construction_Type,"{table: :Construction_Type, code: 'constructiontype', label: 'Straw'}"
63,Construction - Timber Frame,ConstructionType,Construction_Type,"{table: :Construction_Type, code: 'constructiontype', label: 'Timber Frame'}"
64,Construction - Steel Frame,ConstructionType,Construction_Type,"{table: :Construction_Type, code: 'constructiontype', label: 'Steel Frame'}"
65,Construction - On Permanent Foundation,ConstructionType,Construction_Type,"{table: :Construction_Type, code: 'constructiontype', label: 'On Permanent Foundation'}"
66,Construction - Mobile/Manufactured,ConstructionType,Construction_Type,"{table: :Construction_Type, code: 'constructiontype', label: 'Mobile/Manufactured'}"
67,Construction - Structured Insulated Panels,ConstructionType,Construction_Type,"{table: :Construction_Type, code: 'constructiontype', label: 'Structured Insulated Panels'}"
69,Exterior Siding - Asbestos,ConstructionType,Construction_Type,"{table: :Construction_Type, code: 'constructiontype', label: 'Asbestos'}"
70,Exterior Siding - Aluminum,ConstructionType,Construction_Type,"{table: :Construction_Type, code: 'constructiontype', label: 'Aluminum'}"
71,Exterior Siding - Block,ConstructionType,Construction_Type,"{table: :Construction_Type, code: 'constructiontype', label: 'Block'}"
72,Exterior Siding - Brick,ConstructionType,Construction_Type,"{table: :Construction_Type, code: 'constructiontype', label: 'Brick'}"
73,Exterior Siding - Cedar,ConstructionType,Construction_Type,"{table: :Construction_Type, code: 'constructiontype', label: 'Cedar'}"
74,Exterior Siding - Cedar Shake,ConstructionType,Construction_Type,"{table: :Construction_Type, code: 'constructiontype', label: 'Cedar Shake'}"
75,Exterior Siding - Cement Fiber,ConstructionType,Construction_Type,"{table: :Construction_Type, code: 'constructiontype', label: 'Cement Fiber'}"
76,Exterior Siding - Combination,ConstructionType,Construction_Type,"{table: :Construction_Type, code: 'constructiontype', label: 'Combination'}"
77,Exterior Siding - Composite Wood,ConstructionType,Construction_Type,"{table: :Construction_Type, code: 'constructiontype', label: 'Composite Wood'}"
78,Exterior Siding - Concrete,ConstructionType,Construction_Type,"{table: :Construction_Type, code: 'constructiontype', label: 'Concrete'}"
79,Exterior Siding - Hardboard,ConstructionType,Construction_Type,"{table: :Construction_Type, code: 'constructiontype', label: 'Hardboard'}"
80,Exterior Siding - Log,ConstructionType,Construction_Type,"{table: :Construction_Type, code: 'constructiontype', label: 'Log'}"
81,Exterior Siding - Log Siding,ConstructionType,Construction_Type,"{table: :Construction_Type, code: 'constructiontype', label: 'Log Siding'}"
82,Exterior Siding - Shingle,ConstructionType,Construction_Type,"{table: :Construction_Type, code: 'constructiontype', label: 'Shingle'}"
83,Exterior Siding - Steel,ConstructionType,Construction_Type,"{table: :Construction_Type, code: 'constructiontype', label: 'Steel'}"
84,Exterior Siding - Stone,ConstructionType,Construction_Type,"{table: :Construction_Type, code: 'constructiontype', label: 'Stone'}"
85,Exterior Siding - Stucco,ConstructionType,Construction_Type,"{table: :Construction_Type, code: 'constructiontype', label: 'Stucco'}"
86,Exterior Siding - Vinyl,ConstructionType,Construction_Type,"{table: :Construction_Type, code: 'constructiontype', label: 'Vinyl'}"
87,Exterior Siding - Wood,ConstructionType,Construction_Type,"{table: :Construction_Type, code: 'constructiontype', label: 'Wood'}"
88,Exterior Siding - Aluminum Siding,ConstructionType,Construction_Type,"{table: :Construction_Type, code: 'constructiontype', label: 'Aluminum Siding'}"
89,Exterior Siding - Shingle Siding,ConstructionType,Construction_Type,"{table: :Construction_Type, code: 'constructiontype', label: 'Shingle Siding'}"
90,Exterior Siding - Steel Siding,ConstructionType,Construction_Type,"{table: :Construction_Type, code: 'constructiontype', label: 'Steel Siding'}"
91,Exterior Siding - Vinyl Siding,ConstructionType,Construction_Type,"{table: :Construction_Type, code: 'constructiontype', label: 'Vinyl Siding'}"
92,Exterior Siding - Wood Siding,ConstructionType,Construction_Type,"{table: :Construction_Type, code: 'constructiontype', label: 'Wood Siding'}"
94,Garage/Type Stalls - None,ParkingType,Parking_Type,"{table: :Parking_Type, code: 'parkingtype', label: 'None'}"
95,Garage/Type Stalls - Attached-1 Stall,ParkingType,Parking_Type,"{table: :Parking_Type, code: 'parkingtype', label: 'Attached-1 Stall'}"
96,Garage/Type Stalls - Attached-2 Stalls,ParkingType,Parking_Type,"{table: :Parking_Type, code: 'parkingtype', label: 'Attached-2 Stalls'}"
97,Garage/Type Stalls - Attached-3 Stalls,ParkingType,Parking_Type,"{table: :Parking_Type, code: 'parkingtype', label: 'Attached-3 Stalls'}"
98,Garage/Type Stalls - Attached-4 Stalls,ParkingType,Parking_Type,"{table: :Parking_Type, code: 'parkingtype', label: 'Attached-4 Stalls'}"
99,Garage/Type Stalls - Carport-1 Stall,ParkingType,Parking_Type,"{table: :Parking_Type, code: 'parkingtype', label: 'Carport-1 Stall'}"
100,Garage/Type Stalls - Carport-2 Stalls,ParkingType,Parking_Type,"{table: :Parking_Type, code: 'parkingtype', label: 'Carport-2 Stalls'}"
101,Garage/Type Stalls - Detached-1 Stall,ParkingType,Parking_Type,"{table: :Parking_Type, code: 'parkingtype', label: 'Detached-1 Stall'}"
102,Garage/Type Stalls - Detached-2 Stalls,ParkingType,Parking_Type,"{table: :Parking_Type, code: 'parkingtype', label: 'Detached-2 Stalls'}"
103,Garage/Type Stalls - Detached-3 Stalls,ParkingType,Parking_Type,"{table: :Parking_Type, code: 'parkingtype', label: 'Detached-3 Stalls'}"
104,Garage/Type Stalls - Detached-4 Stalls,ParkingType,Parking_Type,"{table: :Parking_Type, code: 'parkingtype', label: 'Detached-4 Stalls'}"
106,Fireplace Type - Electric,FireplaceType,Fireplace_Type,"{table: :Fireplace_Type, code: 'fireplacetype', label: 'Electric'}"
107,Fireplace Type - Gas,FireplaceType,Fireplace_Type,"{table: :Fireplace_Type, code: 'fireplacetype', label: 'Gas'}"
108,Fireplace Type - Wood,FireplaceType,Fireplace_Type,"{table: :Fireplace_Type, code: 'fireplacetype', label: 'Wood'}"
109,Fireplace Type - None,FireplaceType,Fireplace_Type,"{table: :Fireplace_Type, code: 'fireplacetype', label: 'None'}"
111,Heating Stove Type - Coal,HeatingType,Heating_Type,"{table: :Heating_Type, code: 'heatingtype', label: 'Coal'}"
112,Heating Stove Type - Corn,HeatingType,Heating_Type,"{table: :Heating_Type, code: 'heatingtype', label: 'Corn'}"
113,Heating Stove Type - Electric,HeatingType,Heating_Type,"{table: :Heating_Type, code: 'heatingtype', label: 'Electric'}"
114,Heating Stove Type - Gas,HeatingType,Heating_Type,"{table: :Heating_Type, code: 'heatingtype', label: 'Gas'}"
115,Heating Stove Type - Pellet,HeatingType,Heating_Type,"{table: :Heating_Type, code: 'heatingtype', label: 'Pellet'}"
116,Heating Stove Type - Wood,HeatingType,Heating_Type,"{table: :Heating_Type, code: 'heatingtype', label: 'Wood'}"
117,Heating Stove Type - None,HeatingType,Heating_Type,"{table: :Heating_Type, code: 'heatingtype', label: 'None'}"
119,Exterior Features - Acreage Fenced,ExteriorFeature,Exterior_Feature,"{table: :Exterior_Feature, code: 'exteriorfeature', label: 'Acreage Fenced'}"
120,Exterior Features - Adj to BLM,ExteriorFeature,Exterior_Feature,"{table: :Exterior_Feature, code: 'exteriorfeature', label: 'Adj to BLM'}"
121,Exterior Features - Adj to Bureau of Reclamation,ExteriorFeature,Exterior_Feature,"{table: :Exterior_Feature, code: 'exteriorfeature', label: 'Adj to Bureau of Reclamation'}"
122,Exterior Features - Adj to National Forest,ExteriorFeature,Exterior_Feature,"{table: :Exterior_Feature, code: 'exteriorfeature', label: 'Adj to National Forest'}"
123,Exterior Features - Adj to State Land,ExteriorFeature,Exterior_Feature,"{table: :Exterior_Feature, code: 'exteriorfeature', label: 'Adj to State Land'}"
124,Exterior Features - Barn,ExteriorFeature,Exterior_Feature,"{table: :Exterior_Feature, code: 'exteriorfeature', label: 'Barn'}"
125,Exterior Features - Cable,ExteriorFeature,Exterior_Feature,"{table: :Exterior_Feature, code: 'exteriorfeature', label: 'Cable'}"
126,Exterior Features - Chain Link Fence,ExteriorFeature,Exterior_Feature,"{table: :Exterior_Feature, code: 'exteriorfeature', label: 'Chain Link Fence'}"
127,Exterior Features - Concrete Ditches,ExteriorFeature,Exterior_Feature,"{table: :Exterior_Feature, code: 'exteriorfeature', label: 'Concrete Ditches'}"
128,Exterior Features - Corner Lot,ExteriorFeature,Exterior_Feature,"{table: :Exterior_Feature, code: 'exteriorfeature', label: 'Corner Lot'}"
129,Exterior Features - Corrals,ExteriorFeature,Exterior_Feature,"{table: :Exterior_Feature, code: 'exteriorfeature', label: 'Corrals'}"
130,Exterior Features - Covered Deck,ExteriorFeature,Exterior_Feature,"{table: :Exterior_Feature, code: 'exteriorfeature', label: 'Covered Deck'}"
131,Exterior Features - Covered Patio,ExteriorFeature,Exterior_Feature,"{table: :Exterior_Feature, code: 'exteriorfeature', label: 'Covered Patio'}"
132,Exterior Features - Creek,ExteriorFeature,Exterior_Feature,"{table: :Exterior_Feature, code: 'exteriorfeature', label: 'Creek'}"
133,Exterior Features - Cul-de-Sac,ExteriorFeature,Exterior_Feature,"{table: :Exterior_Feature, code: 'exteriorfeature', label: 'Cul-de-Sac'}"
134,Exterior Features - Deck,ExteriorFeature,Exterior_Feature,"{table: :Exterior_Feature, code: 'exteriorfeature', label: 'Deck'}"
135,Exterior Features - Dirt Ditches,ExteriorFeature,Exterior_Feature,"{table: :Exterior_Feature, code: 'exteriorfeature', label: 'Dirt Ditches'}"
136,Exterior Features - Fenced Yard,ExteriorFeature,Exterior_Feature,"{table: :Exterior_Feature, code: 'exteriorfeature', label: 'Fenced Yard'}"
137,Exterior Features - Fishing,ExteriorFeature,Exterior_Feature,"{table: :Exterior_Feature, code: 'exteriorfeature', label: 'Fishing'}"
138,Exterior Features - Flat Terrain,ExteriorFeature,Exterior_Feature,"{table: :Exterior_Feature, code: 'exteriorfeature', label: 'Flat Terrain'}"
139,Exterior Features - Garden,ExteriorFeature,Exterior_Feature,"{table: :Exterior_Feature, code: 'exteriorfeature', label: 'Garden'}"
140,Exterior Features - Golf Course Lot,ExteriorFeature,Exterior_Feature,"{table: :Exterior_Feature, code: 'exteriorfeature', label: 'Golf Course Lot'}"
141,Exterior Features - Greenhouse,ExteriorFeature,Exterior_Feature,"{table: :Exterior_Feature, code: 'exteriorfeature', label: 'Greenhouse'}"
142,Exterior Features - Guest House,ExteriorFeature,Exterior_Feature,"{table: :Exterior_Feature, code: 'exteriorfeature', label: 'Guest House'}"
143,Exterior Features - Hand Line,ExteriorFeature,Exterior_Feature,"{table: :Exterior_Feature, code: 'exteriorfeature', label: 'Hand Line'}"
144,Exterior Features - Horse Property,ExteriorFeature,Exterior_Feature,"{table: :Exterior_Feature, code: 'exteriorfeature', label: 'Horse Property'}"
145,Exterior Features - Hot Tub,ExteriorFeature,Exterior_Feature,"{table: :Exterior_Feature, code: 'exteriorfeature', label: 'Hot Tub'}"
146,Exterior Features - Hunting,ExteriorFeature,Exterior_Feature,"{table: :Exterior_Feature, code: 'exteriorfeature', label: 'Hunting'}"
147,Exterior Features - Irrigated,ExteriorFeature,Exterior_Feature,"{table: :Exterior_Feature, code: 'exteriorfeature', label: 'Irrigated'}"
148,Exterior Features - Kennel (Dog),ExteriorFeature,Exterior_Feature,"{table: :Exterior_Feature, code: 'exteriorfeature', label: 'Kennel (Dog)'}"
149,Exterior Features - Lake View,ExteriorFeature,Exterior_Feature,"{table: :Exterior_Feature, code: 'exteriorfeature', label: 'Lake View'}"
150,Exterior Features - Landscaping,ExteriorFeature,Exterior_Feature,"{table: :Exterior_Feature, code: 'exteriorfeature', label: 'Landscaping'}"
151,Exterior Features - Loafing Shed,ExteriorFeature,Exterior_Feature,"{table: :Exterior_Feature, code: 'exteriorfeature', label: 'Loafing Shed'}"
152,Exterior Features - Mountain View,ExteriorFeature,Exterior_Feature,"{table: :Exterior_Feature, code: 'exteriorfeature', label: 'Mountain View'}"
153,Exterior Features - Natural Gas to Property,ExteriorFeature,Exterior_Feature,"{table: :Exterior_Feature, code: 'exteriorfeature', label: 'Natural Gas to Property'}"
154,Exterior Features - Patio,ExteriorFeature,Exterior_Feature,"{table: :Exterior_Feature, code: 'exteriorfeature', label: 'Patio'}"
155,Exterior Features - Pivot Irrigated,ExteriorFeature,Exterior_Feature,"{table: :Exterior_Feature, code: 'exteriorfeature', label: 'Pivot Irrigated'}"
156,Exterior Features - Pond,ExteriorFeature,Exterior_Feature,"{table: :Exterior_Feature, code: 'exteriorfeature', label: 'Pond'}"
157,Exterior Features - Pool,ExteriorFeature,Exterior_Feature,"{table: :Exterior_Feature, code: 'exteriorfeature', label: 'Pool'}"
158,Exterior Features - Porch,ExteriorFeature,Exterior_Feature,"{table: :Exterior_Feature, code: 'exteriorfeature', label: 'Porch'}"
159,Exterior Features - Production Ground,ExteriorFeature,Exterior_Feature,"{table: :Exterior_Feature, code: 'exteriorfeature', label: 'Production Ground'}"
160,Exterior Features - Recreational,ExteriorFeature,Exterior_Feature,"{table: :Exterior_Feature, code: 'exteriorfeature', label: 'Recreational'}"
161,Exterior Features - River Frontage,ExteriorFeature,Exterior_Feature,"{table: :Exterior_Feature, code: 'exteriorfeature', label: 'River Frontage'}"
162,Exterior Features - Rolling Terrain,ExteriorFeature,Exterior_Feature,"{table: :Exterior_Feature, code: 'exteriorfeature', label: 'Rolling Terrain'}"
163,Exterior Features - RV Parking,ExteriorFeature,Exterior_Feature,"{table: :Exterior_Feature, code: 'exteriorfeature', label: 'RV Parking'}"
164,Exterior Features - Shop,ExteriorFeature,Exterior_Feature,"{table: :Exterior_Feature, code: 'exteriorfeature', label: 'Shop'}"
165,Exterior Features - Spring,ExteriorFeature,Exterior_Feature,"{table: :Exterior_Feature, code: 'exteriorfeature', label: 'Spring'}"
166,"Exterior Features - Sprinklers, Auto",ExteriorFeature,Exterior_Feature,"{table: :Exterior_Feature, code: 'exteriorfeature', label: 'Sprinklers, Auto'}"
167,"Exterior Features - Sprinklers, Manual",ExteriorFeature,Exterior_Feature,"{table: :Exterior_Feature, code: 'exteriorfeature', label: 'Sprinklers, Manual'}"
168,Exterior Features - Storage Building,ExteriorFeature,Exterior_Feature,"{table: :Exterior_Feature, code: 'exteriorfeature', label: 'Storage Building'}"
169,Exterior Features - Wooded Acreage,ExteriorFeature,Exterior_Feature,"{table: :Exterior_Feature, code: 'exteriorfeature', label: 'Wooded Acreage'}"
170,Exterior Features - None,ExteriorFeature,Exterior_Feature,"{table: :Exterior_Feature, code: 'exteriorfeature', label: 'None'}"
171,Exterior Features - Deck/Patio,ExteriorFeature,Exterior_Feature,"{table: :Exterior_Feature, code: 'exteriorfeature', label: 'Deck/Patio'}"
173,Interior Features - Attic Fan,InteriorFeature,Interior_Feature,"{table: :Interior_Feature, code: 'interiorfeature', label: 'Attic Fan'}"
174,Interior Features - Breakfast Bar,InteriorFeature,Interior_Feature,"{table: :Interior_Feature, code: 'interiorfeature', label: 'Breakfast Bar'}"
175,Interior Features - Breakfast Nook,InteriorFeature,Interior_Feature,"{table: :Interior_Feature, code: 'interiorfeature', label: 'Breakfast Nook'}"
176,Interior Features - Ceiling Fan(s),InteriorFeature,Interior_Feature,"{table: :Interior_Feature, code: 'interiorfeature', label: 'Ceiling Fan(s)'}"
177,Interior Features - Central Vacuum System,InteriorFeature,Interior_Feature,"{table: :Interior_Feature, code: 'interiorfeature', label: 'Central Vacuum System'}"
178,Interior Features - Disposal,InteriorFeature,Interior_Feature,"{table: :Interior_Feature, code: 'interiorfeature', label: 'Disposal'}"
179,Interior Features - Garage Door Opener,InteriorFeature,Interior_Feature,"{table: :Interior_Feature, code: 'interiorfeature', label: 'Garage Door Opener'}"
180,Interior Features - Handicap Access,InteriorFeature,Interior_Feature,"{table: :Interior_Feature, code: 'interiorfeature', label: 'Handicap Access'}"
181,Interior Features - Home Theater,InteriorFeature,Interior_Feature,"{table: :Interior_Feature, code: 'interiorfeature', label: 'Home Theater'}"
182,Interior Features - Home Warranty,InteriorFeature,Interior_Feature,"{table: :Interior_Feature, code: 'interiorfeature', label: 'Home Warranty'}"
183,Interior Features - Hot Tub,InteriorFeature,Interior_Feature,"{table: :Interior_Feature, code: 'interiorfeature', label: 'Hot Tub'}"
184,Interior Features - Jetted Tub,InteriorFeature,Interior_Feature,"{table: :Interior_Feature, code: 'interiorfeature', label: 'Jetted Tub'}"
185,Interior Features - Loft,InteriorFeature,Interior_Feature,"{table: :Interior_Feature, code: 'interiorfeature', label: 'Loft'}"
186,Interior Features - Mud Room,InteriorFeature,Interior_Feature,"{table: :Interior_Feature, code: 'interiorfeature', label: 'Mud Room'}"
187,Interior Features - Pantry,InteriorFeature,Interior_Feature,"{table: :Interior_Feature, code: 'interiorfeature', label: 'Pantry'}"
188,Interior Features - Porch,InteriorFeature,Interior_Feature,"{table: :Interior_Feature, code: 'interiorfeature', label: 'Porch'}"
189,Interior Features - RO System,InteriorFeature,Interior_Feature,"{table: :Interior_Feature, code: 'interiorfeature', label: 'RO System'}"
190,Interior Features - Satellite Dish,InteriorFeature,Interior_Feature,"{table: :Interior_Feature, code: 'interiorfeature', label: 'Satellite Dish'}"
191,Interior Features - Sauna,InteriorFeature,Interior_Feature,"{table: :Interior_Feature, code: 'interiorfeature', label: 'Sauna'}"
192,Interior Features - Security System,InteriorFeature,Interior_Feature,"{table: :Interior_Feature, code: 'interiorfeature', label: 'Security System'}"
193,Interior Features - Skylights,InteriorFeature,Interior_Feature,"{table: :Interior_Feature, code: 'interiorfeature', label: 'Skylights'}"
194,Interior Features - Sump Pump,InteriorFeature,Interior_Feature,"{table: :Interior_Feature, code: 'interiorfeature', label: 'Sump Pump'}"
195,Interior Features - Tile Floor,InteriorFeature,Interior_Feature,"{table: :Interior_Feature, code: 'interiorfeature', label: 'Tile Floor'}"
196,Interior Features - Trash Compactor,InteriorFeature,Interior_Feature,"{table: :Interior_Feature, code: 'interiorfeature', label: 'Trash Compactor'}"
197,Interior Features - Vaulted Ceiling(s),InteriorFeature,Interior_Feature,"{table: :Interior_Feature, code: 'interiorfeature', label: 'Vaulted Ceiling(s)'}"
198,Interior Features - Walk-in Closet(s),InteriorFeature,Interior_Feature,"{table: :Interior_Feature, code: 'interiorfeature', label: 'Walk-in Closet(s)'}"
199,Interior Features - Water Softener (owned),InteriorFeature,Interior_Feature,"{table: :Interior_Feature, code: 'interiorfeature', label: 'Water Softener (owned)'}"
200,Interior Features - Water Softener (leased),InteriorFeature,Interior_Feature,"{table: :Interior_Feature, code: 'interiorfeature', label: 'Water Softener (leased)'}"
201,Interior Features - Wet Bar,InteriorFeature,Interior_Feature,"{table: :Interior_Feature, code: 'interiorfeature', label: 'Wet Bar'}"
202,Interior Features - Wood Floor,InteriorFeature,Interior_Feature,"{table: :Interior_Feature, code: 'interiorfeature', label: 'Wood Floor'}"
204,Roof - Built-Up,RoofType,Roof_Type,"{table: :Roof_Type, code: 'rooftype', label: 'Built-Up'}"
205,Roof - Composition,RoofType,Roof_Type,"{table: :Roof_Type, code: 'rooftype', label: 'Composition'}"
206,Roof - Foam,RoofType,Roof_Type,"{table: :Roof_Type, code: 'rooftype', label: 'Foam'}"
207,Roof - Masonite,RoofType,Roof_Type,"{table: :Roof_Type, code: 'rooftype', label: 'Masonite'}"
208,Roof - Membrane,RoofType,Roof_Type,"{table: :Roof_Type, code: 'rooftype', label: 'Membrane'}"
209,Roof - Metal,RoofType,Roof_Type,"{table: :Roof_Type, code: 'rooftype', label: 'Metal'}"
210,Roof - Roll Roofing,RoofType,Roof_Type,"{table: :Roof_Type, code: 'rooftype', label: 'Roll Roofing'}"
211,Roof - Shake,RoofType,Roof_Type,"{table: :Roof_Type, code: 'rooftype', label: 'Shake'}"
212,Roof - Shingle,RoofType,Roof_Type,"{table: :Roof_Type, code: 'rooftype', label: 'Shingle'}"
213,Roof - Single-Ply Roof,RoofType,Roof_Type,"{table: :Roof_Type, code: 'rooftype', label: 'Single-Ply Roof'}"
214,Roof - Tar/Gravel,RoofType,Roof_Type,"{table: :Roof_Type, code: 'rooftype', label: 'Tar/Gravel'}"
215,Roof - Tile,RoofType,Roof_Type,"{table: :Roof_Type, code: 'rooftype', label: 'Tile'}"
216,Roof - Wood,RoofType,Roof_Type,"{table: :Roof_Type, code: 'rooftype', label: 'Wood'}"
218,Cooling Type - Attic Fan,CoolingType,Cooling_Type,"{table: :Cooling_Type, code: 'coolingtype', label: 'Attic Fan'}"
219,Cooling Type - Central Air,CoolingType,Cooling_Type,"{table: :Cooling_Type, code: 'coolingtype', label: 'Central Air'}"
220,Cooling Type - None,CoolingType,Cooling_Type,"{table: :Cooling_Type, code: 'coolingtype', label: 'None'}"
221,Cooling Type - Other,CoolingType,Cooling_Type,"{table: :Cooling_Type, code: 'coolingtype', label: 'Other'}"
222,Cooling Type - Swamp Cooler,CoolingType,Cooling_Type,"{table: :Cooling_Type, code: 'coolingtype', label: 'Swamp Cooler'}"
223,Cooling Type - Window Unit(s),CoolingType,Cooling_Type,"{table: :Cooling_Type, code: 'coolingtype', label: 'Window Unit(s)'}"
225,Disclosures - Yes,ExteriorType,Exterior_Type,"{table: :Exterior_Type, code: 'exteriortype', label: 'Yes'}"
227,Financing - Cash,FinancialTerm,Financial_Term,"{table: :Financial_Term, code: 'financialterm', label: 'Cash'}"
228,Financing - VA,FinancialTerm,Financial_Term,"{table: :Financial_Term, code: 'financialterm', label: 'VA'}"
229,Financing - FHA,FinancialTerm,Financial_Term,"{table: :Financial_Term, code: 'financialterm', label: 'FHA'}"
230,Financing - Owner,FinancialTerm,Financial_Term,"{table: :Financial_Term, code: 'financialterm', label: 'Owner'}"
231,Financing - USDA,FinancialTerm,Financial_Term,"{table: :Financial_Term, code: 'financialterm', label: 'USDA'}"
232,Financing - Assumable,FinancialTerm,Financial_Term,"{table: :Financial_Term, code: 'financialterm', label: 'Assumable'}"
233,Financing - Conventional,FinancialTerm,Financial_Term,"{table: :Financial_Term, code: 'financialterm', label: 'Conventional'}"
234,Financing - WCDA,FinancialTerm,Financial_Term,"{table: :Financial_Term, code: 'financialterm', label: 'WCDA'}"
235,Financing - 1031.0,FinancialTerm,Financial_Term,"{table: :Financial_Term, code: 'financialterm', label: '1031.0'}"
236,Financing - Other,FinancialTerm,Financial_Term,"{table: :Financial_Term, code: 'financialterm', label: 'Other'}"
238,Road Maintenance - Private,ExteriorFeature,Exterior_Feature,"{table: :Exterior_Feature, code: 'exteriorfeature', label: 'Private'}"
239,Road Maintenance - Public,ExteriorFeature,Exterior_Feature,"{table: :Exterior_Feature, code: 'exteriorfeature', label: 'Public'}"
241,Road Surface - Paved (Asphalt/Concrete),ExteriorFeature,Exterior_Feature,"{table: :Exterior_Feature, code: 'exteriorfeature', label: 'Paved (Asphalt/Concrete)'}"
242,Road Surface - Unpaved (Dirt/Gravel),ExteriorFeature,Exterior_Feature,"{table: :Exterior_Feature, code: 'exteriorfeature', label: 'Unpaved (Dirt/Gravel)'}"
244,Sewer - Aerobic Septic,SewerType,Sewer_Type,"{table: :Sewer_Type, code: 'sewertype', label: 'Aerobic Septic'}"
245,Sewer - Central,SewerType,Sewer_Type,"{table: :Sewer_Type, code: 'sewertype', label: 'Central'}"
246,Sewer - City,SewerType,Sewer_Type,"{table: :Sewer_Type, code: 'sewertype', label: 'City'}"
247,Sewer - City Sewer Connection Available,SewerType,Sewer_Type,"{table: :Sewer_Type, code: 'sewertype', label: 'City Sewer Connection Available'}"
248,Sewer - Connected to City Sewer,SewerType,Sewer_Type,"{table: :Sewer_Type, code: 'sewertype', label: 'Connected to City Sewer'}"
249,Sewer - Engineered Septic,SewerType,Sewer_Type,"{table: :Sewer_Type, code: 'sewertype', label: 'Engineered Septic'}"
250,Sewer - Mound Septic,SewerType,Sewer_Type,"{table: :Sewer_Type, code: 'sewertype', label: 'Mound Septic'}"
251,Sewer - None,SewerType,Sewer_Type,"{table: :Sewer_Type, code: 'sewertype', label: 'None'}"
252,Sewer - Red Lodge,SewerType,Sewer_Type,"{table: :Sewer_Type, code: 'sewertype', label: 'Red Lodge'}"
253,Sewer - Septic Needed,SewerType,Sewer_Type,"{table: :Sewer_Type, code: 'sewertype', label: 'Septic Needed'}"
254,Sewer - Septic Tank,SewerType,Sewer_Type,"{table: :Sewer_Type, code: 'sewertype', label: 'Septic Tank'}"
255,Sewer - Shared Septic,SewerType,Sewer_Type,"{table: :Sewer_Type, code: 'sewertype', label: 'Shared Septic'}"
257,Type of Leased Land - BLM,LandType,Land_Type,"{table: :Land_Type, code: 'landtype', label: 'BLM'}"
258,Type of Leased Land - Bureau of Reclamation,LandType,Land_Type,"{table: :Land_Type, code: 'landtype', label: 'Bureau of Reclamation'}"
259,Type of Leased Land - Forest Services,LandType,Land_Type,"{table: :Land_Type, code: 'landtype', label: 'Forest Services'}"
260,Type of Leased Land - Private,LandType,Land_Type,"{table: :Land_Type, code: 'landtype', label: 'Private'}"
261,Type of Leased Land - State,LandType,Land_Type,"{table: :Land_Type, code: 'landtype', label: 'State'}"
262,Type of Leased Land - None,LandType,Land_Type,"{table: :Land_Type, code: 'landtype', label: 'None'}"
264,Topography - Flat,LandType,Land_Type,"{table: :Land_Type, code: 'landtype', label: 'Flat'}"
265,Topography - Mountainous,LandType,Land_Type,"{table: :Land_Type, code: 'landtype', label: 'Mountainous'}"
266,Topography - Rolling,LandType,Land_Type,"{table: :Land_Type, code: 'landtype', label: 'Rolling'}"
267,Topography - Steep,LandType,Land_Type,"{table: :Land_Type, code: 'landtype', label: 'Steep'}"
269,Leases and Permits - BLM,ExteriorFeature,Exterior_Feature,"{table: :Exterior_Feature, code: 'exteriorfeature', label: 'BLM'}"
270,Leases and Permits - State,ExteriorFeature,Exterior_Feature,"{table: :Exterior_Feature, code: 'exteriorfeature', label: 'State'}"
271,Leases and Permits - Forest Service,ExteriorFeature,Exterior_Feature,"{table: :Exterior_Feature, code: 'exteriorfeature', label: 'Forest Service'}"
272,Leases and Permits - Private,ExteriorFeature,Exterior_Feature,"{table: :Exterior_Feature, code: 'exteriorfeature', label: 'Private'}"
273,Leases and Permits - None,ExteriorFeature,Exterior_Feature,"{table: :Exterior_Feature, code: 'exteriorfeature', label: 'None'}"
274,Leases and Permits - Other-See Remarks,ExteriorFeature,Exterior_Feature,"{table: :Exterior_Feature, code: 'exteriorfeature', label: 'Other-See Remarks'}"
276,Water Rights - Well,WaterSource,Water_Source,"{table: :Water_Source, code: 'watersource', label: 'Well'}"
277,Water Rights - Surface,WaterSource,Water_Source,"{table: :Water_Source, code: 'watersource', label: 'Surface'}"
278,Water Rights - Territorial,WaterSource,Water_Source,"{table: :Water_Source, code: 'watersource', label: 'Territorial'}"
279,Water Rights - Reservoir,WaterSource,Water_Source,"{table: :Water_Source, code: 'watersource', label: 'Reservoir'}"
280,Water Rights - Water District,WaterSource,Water_Source,"{table: :Water_Source, code: 'watersource', label: 'Water District'}"
281,Water Rights - None,WaterSource,Water_Source,"{table: :Water_Source, code: 'watersource', label: 'None'}"
282,Water Rights - Other-See Remarks,WaterSource,Water_Source,"{table: :Water_Source, code: 'watersource', label: 'Other-See Remarks'}"
284,Business Type - Accounting,Style,Style,"{table: :Style, code: 'style', label: 'Accounting'}"
285,Business Type - Agriculture,Style,Style,"{table: :Style, code: 'style', label: 'Agriculture'}"
286,Business Type - Appliances,Style,Style,"{table: :Style, code: 'style', label: 'Appliances'}"
287,Business Type - Appraisal,Style,Style,"{table: :Style, code: 'style', label: 'Appraisal'}"
288,Business Type - Auto Repair-Speclty,Style,Style,"{table: :Style, code: 'style', label: 'Auto Repair-Speclty'}"
289,Business Type - Auto Sales,Style,Style,"{table: :Style, code: 'style', label: 'Auto Sales'}"
290,Business Type - Liquor Store,Style,Style,"{table: :Style, code: 'style', label: 'Liquor Store'}"
291,Business Type - Bed & Breakfast,Style,Style,"{table: :Style, code: 'style', label: 'Bed & Breakfast'}"
292,Business Type - Campground,Style,Style,"{table: :Style, code: 'style', label: 'Campground'}"
293,Business Type - Car Wash,Style,Style,"{table: :Style, code: 'style', label: 'Car Wash'}"
294,Business Type - Construction/Contractor,Style,Style,"{table: :Style, code: 'style', label: 'Construction/Contractor'}"
295,Business Type - Convenience Store,Style,Style,"{table: :Style, code: 'style', label: 'Convenience Store'}"
296,Business Type - Electrical,Style,Style,"{table: :Style, code: 'style', label: 'Electrical'}"
297,Business Type - Furniture,Style,Style,"{table: :Style, code: 'style', label: 'Furniture'}"
298,Business Type - Gas Station,Style,Style,"{table: :Style, code: 'style', label: 'Gas Station'}"
299,Business Type - Hair Salon,Style,Style,"{table: :Style, code: 'style', label: 'Hair Salon'}"
300,Business Type - Heat/Air Conditioning,Style,Style,"{table: :Style, code: 'style', label: 'Heat/Air Conditioning'}"
301,Business Type - Hotel/Motel,Style,Style,"{table: :Style, code: 'style', label: 'Hotel/Motel'}"
302,Business Type - Industrial,Style,Style,"{table: :Style, code: 'style', label: 'Industrial'}"
303,Business Type - Laundromat,Style,Style,"{table: :Style, code: 'style', label: 'Laundromat'}"
304,Business Type - Lumber,Style,Style,"{table: :Style, code: 'style', label: 'Lumber'}"
305,Business Type - Manufacturing,Style,Style,"{table: :Style, code: 'style', label: 'Manufacturing'}"
306,Business Type - Medical,Style,Style,"{table: :Style, code: 'style', label: 'Medical'}"
307,Business Type - Mobile Home Park,Style,Style,"{table: :Style, code: 'style', label: 'Mobile Home Park'}"
308,Business Type - Outfitting,Style,Style,"{table: :Style, code: 'style', label: 'Outfitting'}"
309,Business Type - Photography,Style,Style,"{table: :Style, code: 'style', label: 'Photography'}"
310,Business Type - Plumbing,Style,Style,"{table: :Style, code: 'style', label: 'Plumbing'}"
311,Business Type - Professional/Office,Style,Style,"{table: :Style, code: 'style', label: 'Professional/Office'}"
312,Business Type - Real Estate,Style,Style,"{table: :Style, code: 'style', label: 'Real Estate'}"
313,Business Type - Restaurant,Style,Style,"{table: :Style, code: 'style', label: 'Restaurant'}"
314,Business Type - Retail,Style,Style,"{table: :Style, code: 'style', label: 'Retail'}"
315,Business Type - Storage,Style,Style,"{table: :Style, code: 'style', label: 'Storage'}"
316,Business Type - Veterinary,Style,Style,"{table: :Style, code: 'style', label: 'Veterinary'}"
317,Business Type - Video,Style,Style,"{table: :Style, code: 'style', label: 'Video'}"
318,Business Type - Bar/Tavern/Lounge,Style,Style,"{table: :Style, code: 'style', label: 'Bar/Tavern/Lounge'}"
319,Business Type - Other,Style,Style,"{table: :Style, code: 'style', label: 'Other'}"
321,Commercial Features - 220 Volt,InteriorFeature,Interior_Feature,"{table: :Interior_Feature, code: 'interiorfeature', label: '220 Volt'}"
322,Commercial Features - 3-Phase Electric,InteriorFeature,Interior_Feature,"{table: :Interior_Feature, code: 'interiorfeature', label: '3-Phase Electric'}"
323,Commercial Features - DSL/Cable,InteriorFeature,Interior_Feature,"{table: :Interior_Feature, code: 'interiorfeature', label: 'DSL/Cable'}"
324,Commercial Features - Elevator,InteriorFeature,Interior_Feature,"{table: :Interior_Feature, code: 'interiorfeature', label: 'Elevator'}"
325,Commercial Features - Fiber Optic,InteriorFeature,Interior_Feature,"{table: :Interior_Feature, code: 'interiorfeature', label: 'Fiber Optic'}"
326,Commercial Features - Handicapped Access,InteriorFeature,Interior_Feature,"{table: :Interior_Feature, code: 'interiorfeature', label: 'Handicapped Access'}"
327,Commercial Features - Security System,InteriorFeature,Interior_Feature,"{table: :Interior_Feature, code: 'interiorfeature', label: 'Security System'}"
328,Commercial Features - Specialty Equipment,InteriorFeature,Interior_Feature,"{table: :Interior_Feature, code: 'interiorfeature', label: 'Specialty Equipment'}"
329,Commercial Features - None,InteriorFeature,Interior_Feature,"{table: :Interior_Feature, code: 'interiorfeature', label: 'None'}"
330,Commercial Features - Dock,ExteriorFeature,Exterior_Feature,"{table: :Exterior_Feature, code: 'exteriorfeature', label: 'Dock'}"
331,Commercial Features - Rail Spur,ExteriorFeature,Exterior_Feature,"{table: :Exterior_Feature, code: 'exteriorfeature', label: 'Rail Spur'}"
333,Parking Availability - Alley,ParkingType,Parking_Type,"{table: :Parking_Type, code: 'parkingtype', label: 'Alley'}"
334,Parking Availability - Private Lot,ParkingType,Parking_Type,"{table: :Parking_Type, code: 'parkingtype', label: 'Private Lot'}"
335,Parking Availability - Public Lot,ParkingType,Parking_Type,"{table: :Parking_Type, code: 'parkingtype', label: 'Public Lot'}"
336,Parking Availability - Street,ParkingType,Parking_Type,"{table: :Parking_Type, code: 'parkingtype', label: 'Street'}"
338,Miscellaneous - P & L/Cash Flow Available,ExteriorFeature,Exterior_Feature,"{table: :Exterior_Feature, code: 'exteriorfeature', label: 'P & L/Cash Flow Available'}"
339,Miscellaneous - Licenses/Permits Required,ExteriorFeature,Exterior_Feature,"{table: :Exterior_Feature, code: 'exteriorfeature', label: 'Licenses/Permits Required'}"
340,Miscellaneous - Seller Will Train,ExteriorFeature,Exterior_Feature,"{table: :Exterior_Feature, code: 'exteriorfeature', label: 'Seller Will Train'}"
341,Miscellaneous - Franchise,ExteriorFeature,Exterior_Feature,"{table: :Exterior_Feature, code: 'exteriorfeature', label: 'Franchise'}"
342,Miscellaneous - Building Currently Leased,ExteriorFeature,Exterior_Feature,"{table: :Exterior_Feature, code: 'exteriorfeature', label: 'Building Currently Leased'}"
343,Miscellaneous - Environmental Study,ExteriorFeature,Exterior_Feature,"{table: :Exterior_Feature, code: 'exteriorfeature', label: 'Environmental Study'}"
344,Miscellaneous - Highway Frontage,ExteriorFeature,Exterior_Feature,"{table: :Exterior_Feature, code: 'exteriorfeature', label: 'Highway Frontage'}"
345,Miscellaneous - Main Street Frontage,ExteriorFeature,Exterior_Feature,"{table: :Exterior_Feature, code: 'exteriorfeature', label: 'Main Street Frontage'}"
346,Miscellaneous - Soil Test,ExteriorFeature,Exterior_Feature,"{table: :Exterior_Feature, code: 'exteriorfeature', label: 'Soil Test'}"
347,Miscellaneous - Seller to Sign Non-Compete,ExteriorFeature,Exterior_Feature,"{table: :Exterior_Feature, code: 'exteriorfeature', label: 'Seller to Sign Non-Compete'}"
348,Miscellaneous - Other Structures,ExteriorFeature,Exterior_Feature,"{table: :Exterior_Feature, code: 'exteriorfeature', label: 'Other Structures'}"
349,Miscellaneous - Special Assessments,ExteriorFeature,Exterior_Feature,"{table: :Exterior_Feature, code: 'exteriorfeature', label: 'Special Assessments'}"
350,Miscellaneous - None,ExteriorFeature,Exterior_Feature,"{table: :Exterior_Feature, code: 'exteriorfeature', label: 'None'}"
351,Miscellaneous - Leased Equipment,InteriorFeature,Interior_Feature,"{table: :Interior_Feature, code: 'interiorfeature', label: 'Leased Equipment'}"
352,Miscellaneous - Fire Sprinkler System,InteriorFeature,Interior_Feature,"{table: :Interior_Feature, code: 'interiorfeature', label: 'Fire Sprinkler System'}"
353,Miscellaneous - Inventory Included,InteriorFeature,Interior_Feature,"{table: :Interior_Feature, code: 'interiorfeature', label: 'Inventory Included'}"
354,Miscellaneous - Irrigation,IrrigationType,Irrigation_Type,"{table: :Irrigation_Type, code: 'irrigationtype', label: 'Irrigation'}"
356,Type Leased Land - BLM,LandType,Land_Type,"{table: :Land_Type, code: 'landtype', label: 'BLM'}"
357,Type Leased Land - Bureau of Reclamation,LandType,Land_Type,"{table: :Land_Type, code: 'landtype', label: 'Bureau of Reclamation'}"
358,Type Leased Land - Forest Service,LandType,Land_Type,"{table: :Land_Type, code: 'landtype', label: 'Forest Service'}"
359,Type Leased Land - Private,LandType,Land_Type,"{table: :Land_Type, code: 'landtype', label: 'Private'}"
360,Type Leased Land - State,LandType,Land_Type,"{table: :Land_Type, code: 'landtype', label: 'State'}"
361,Type Leased Land - None,LandType,Land_Type,"{table: :Land_Type, code: 'landtype', label: 'None'}"
363,Potential Uses - Residential,Style,Style,"{table: :Style, code: 'style', label: 'Residential'}"
364,Potential Uses - Multi-Family,Style,Style,"{table: :Style, code: 'style', label: 'Multi-Family'}"
365,Potential Uses - Commercial,Style,Style,"{table: :Style, code: 'style', label: 'Commercial'}"
366,Potential Uses - Industrial,Style,Style,"{table: :Style, code: 'style', label: 'Industrial'}"
367,Potential Uses - Agricultural,Style,Style,"{table: :Style, code: 'style', label: 'Agricultural'}"
368,Potential Uses - Recreational,Style,Style,"{table: :Style, code: 'style', label: 'Recreational'}"
369,Potential Uses - Other,Style,Style,"{table: :Style, code: 'style', label: 'Other'}"
