Construction,Construction - Block,ConstructionType,construction_type,constype1,"{table: :construction_type, code: ' constype1', label: 'Block '},"
,Construction - Concrete,ConstructionType,construction_type,constype2,"{table: :construction_type, code: ' constype2', label: 'Concrete '},"
,Construction - Frame,ConstructionType,construction_type,constype3,"{table: :construction_type, code: ' constype3', label: 'Frame '},"
,Construction - ICFs (Insulated Concrete Forms),ConstructionType,construction_type,constype4,"{table: :construction_type, code: ' constype4', label: 'ICFs (Insulated Concrete Forms) '},"
,Construction - Log,ConstructionType,construction_type,constype5,"{table: :construction_type, code: ' constype5', label: 'Log '},"
,Construction - Manufactured (Post-1976),ConstructionType,construction_type,constype6,"{table: :construction_type, code: ' constype6', label: 'Manufactured (Post-1976) '},"
,Construction - Mobile (Pre-1976),ConstructionType,construction_type,constype7,"{table: :construction_type, code: ' constype7', label: 'Mobile (Pre-1976) '},"
,Construction - Modular,ConstructionType,construction_type,constype8,"{table: :construction_type, code: ' constype8', label: 'Modular '},"
,Construction - Straw,ConstructionType,construction_type,constype9,"{table: :construction_type, code: ' constype9', label: 'Straw '},"
,Construction - Timber Frame,ConstructionType,construction_type,constype10,"{table: :construction_type, code: ' constype10', label: 'Timber Frame '},"
,Construction - Steel Frame,ConstructionType,construction_type,constype11,"{table: :construction_type, code: ' constype11', label: 'Steel Frame '},"
,Construction - On Permanent Foundation,ConstructionType,construction_type,constype12,"{table: :construction_type, code: ' constype12', label: 'On Permanent Foundation '},"
,Construction - Mobile/Manufactured,ConstructionType,construction_type,constype32,"{table: :construction_type, code: ' constype32', label: 'Mobile/Manufactured '},"
,Construction - Structured Insulated Panels,ConstructionType,construction_type,constype33,"{table: :construction_type, code: ' constype33', label: 'Structured Insulated Panels '},"
,,,,,
Exterior Siding,Exterior Siding - Asbestos,ConstructionType,construction_type,constype14,"{table: :construction_type, code: ' constype13', label: 'Asbestos'},"
,Exterior Siding - Aluminum,ConstructionType,construction_type,constype13,"{table: :construction_type, code: ' constype14', label: 'Aluminum'},"
,Exterior Siding - Block,ConstructionType,construction_type,constype15,"{table: :construction_type, code: ' constype15', label: 'Block'},"
,Exterior Siding - Brick,ConstructionType,construction_type,constype16,"{table: :construction_type, code: ' constype16', label: 'Brick'},"
,Exterior Siding - Cedar,ConstructionType,construction_type,constype17,"{table: :construction_type, code: ' constype17', label: 'Cedar'},"
,Exterior Siding - Cedar Shake,ConstructionType,construction_type,constype18,"{table: :construction_type, code: ' constype18', label: 'Cedar Shake'},"
,Exterior Siding - Cement Fiber,ConstructionType,construction_type,constype19,"{table: :construction_type, code: ' constype19', label: 'Cement Fiber'},"
,Exterior Siding - Combination,ConstructionType,construction_type,constype20,"{table: :construction_type, code: ' constype20', label: 'Combination'},"
,Exterior Siding - Composite Wood,ConstructionType,construction_type,constype21,"{table: :construction_type, code: ' constype21', label: 'Composite Wood'},"
,Exterior Siding - Concrete,ConstructionType,construction_type,constype22,"{table: :construction_type, code: ' constype22', label: 'Concrete'},"
,Exterior Siding - Hardboard,ConstructionType,construction_type,constype23,"{table: :construction_type, code: ' constype23', label: 'Hardboard'},"
,Exterior Siding - Log,ConstructionType,construction_type,constype24,"{table: :construction_type, code: ' constype24', label: 'Log'},"
,Exterior Siding - Log Siding,ConstructionType,construction_type,constype25,"{table: :construction_type, code: ' constype25', label: 'Log Siding'},"
,Exterior Siding - Shingle,ConstructionType,construction_type,constype26,"{table: :construction_type, code: ' constype26', label: 'Shingle'},"
,Exterior Siding - Steel,ConstructionType,construction_type,constype27,"{table: :construction_type, code: ' constype27', label: 'Steel'},"
,Exterior Siding - Stone,ConstructionType,construction_type,constype28,"{table: :construction_type, code: ' constype28', label: 'Stone'},"
,Exterior Siding - Stucco,ConstructionType,construction_type,constype29,"{table: :construction_type, code: ' constype29', label: 'Stucco'},"
,Exterior Siding - Vinyl,ConstructionType,construction_type,constype30,"{table: :construction_type, code: ' constype30', label: 'Vinyl'},"
,Exterior Siding - Wood,ConstructionType,construction_type,constype31,"{table: :construction_type, code: ' constype31', label: 'Wood'},"
,Exterior Siding - Aluminum Siding,ConstructionType,construction_type,constype13,"{table: :construction_type, code: ' constype13', label: 'Aluminum Siding '},"
,Exterior Siding - Shingle Siding,ConstructionType,construction_type,constype26,"{table: :construction_type, code: ' constype26', label: 'Shingle Siding '},"
,Exterior Siding - Steel Siding,ConstructionType,construction_type,constype27,"{table: :construction_type, code: ' constype27', label: 'Steel Siding '},"
,Exterior Siding - Vinyl Siding,ConstructionType,construction_type,constype30,"{table: :construction_type, code: ' constype30', label: 'Vinyl Siding '},"
,Exterior Siding - Wood Siding,ConstructionType,construction_type,constype31,"{table: :construction_type, code: ' constype31', label: 'Wood Siding '},"
,,,,,
Cooling Type,Cooling Type - Attic Fan,CoolingType,cooling_type,cooltype1,"{table: :cooling_type, code: ' cooltype1', label: 'Attic Fan '},"
,Cooling Type - Central Air,CoolingType,cooling_type,cooltype2,"{table: :cooling_type, code: ' cooltype2', label: 'Central Air '},"
,Cooling Type - None,CoolingType,cooling_type,cooltype3,"{table: :cooling_type, code: ' cooltype3', label: 'None '},"
,Cooling Type - Other,CoolingType,cooling_type,cooltype4,"{table: :cooling_type, code: ' cooltype4', label: 'Other '},"
,Cooling Type - Swamp Cooler,CoolingType,cooling_type,cooltype5,"{table: :cooling_type, code: ' cooltype5', label: 'Swamp Cooler '},"
,Cooling Type - Window Unit(s),CoolingType,cooling_type,cooltype6,"{table: :cooling_type, code: ' cooltype6', label: 'Window Unit(s) '},"
,,,,,
Exterior Features,Exterior Features - Acreage Fenced,ExteriorFeature,exterior_feature,exteriorfeature1,"{table: :exterior_feature, code: ' exteriorfeature1', label: 'Acreage Fenced '},"
,Exterior Features - Adj to BLM,ExteriorFeature,exterior_feature,exteriorfeature2,"{table: :exterior_feature, code: ' exteriorfeature2', label: 'Adj to BLM '},"
,Exterior Features - Adj to Bureau of Reclamation,ExteriorFeature,exterior_feature,exteriorfeature3,"{table: :exterior_feature, code: ' exteriorfeature3', label: 'Adj to Bureau of Reclamation '},"
,Exterior Features - Adj to National Forest,ExteriorFeature,exterior_feature,exteriorfeature4,"{table: :exterior_feature, code: ' exteriorfeature4', label: 'Adj to National Forest '},"
,Exterior Features - Adj to State Land,ExteriorFeature,exterior_feature,exteriorfeature5,"{table: :exterior_feature, code: ' exteriorfeature5', label: 'Adj to State Land '},"
,Exterior Features - Barn,ExteriorFeature,exterior_feature,exteriorfeature6,"{table: :exterior_feature, code: ' exteriorfeature6', label: 'Barn '},"
,Exterior Features - Cable,ExteriorFeature,exterior_feature,exteriorfeature7,"{table: :exterior_feature, code: ' exteriorfeature7', label: 'Cable '},"
,Exterior Features - Chain Link Fence,ExteriorFeature,exterior_feature,exteriorfeature8,"{table: :exterior_feature, code: ' exteriorfeature8', label: 'Chain Link Fence '},"
,Exterior Features - Concrete Ditches,ExteriorFeature,exterior_feature,exteriorfeature9,"{table: :exterior_feature, code: ' exteriorfeature9', label: 'Concrete Ditches '},"
,Exterior Features - Corner Lot,ExteriorFeature,exterior_feature,exteriorfeature10,"{table: :exterior_feature, code: ' exteriorfeature10', label: 'Corner Lot '},"
,Exterior Features - Corrals,ExteriorFeature,exterior_feature,exteriorfeature11,"{table: :exterior_feature, code: ' exteriorfeature11', label: 'Corrals '},"
,Exterior Features - Covered Deck,ExteriorFeature,exterior_feature,exteriorfeature12,"{table: :exterior_feature, code: ' exteriorfeature12', label: 'Covered Deck '},"
,Exterior Features - Covered Patio,ExteriorFeature,exterior_feature,exteriorfeature13,"{table: :exterior_feature, code: ' exteriorfeature13', label: 'Covered Patio '},"
,Exterior Features - Creek,ExteriorFeature,exterior_feature,exteriorfeature14,"{table: :exterior_feature, code: ' exteriorfeature14', label: 'Creek '},"
,Exterior Features - Cul-de-Sac,ExteriorFeature,exterior_feature,exteriorfeature15,"{table: :exterior_feature, code: ' exteriorfeature15', label: 'Cul-de-Sac '},"
,Exterior Features - Deck,ExteriorFeature,exterior_feature,exteriorfeature16,"{table: :exterior_feature, code: ' exteriorfeature16', label: 'Deck '},"
,Exterior Features - Dirt Ditches,ExteriorFeature,exterior_feature,exteriorfeature17,"{table: :exterior_feature, code: ' exteriorfeature17', label: 'Dirt Ditches '},"
,Exterior Features - Fenced Yard,ExteriorFeature,exterior_feature,exteriorfeature18,"{table: :exterior_feature, code: ' exteriorfeature18', label: 'Fenced Yard '},"
,Exterior Features - Fishing,ExteriorFeature,exterior_feature,exteriorfeature19,"{table: :exterior_feature, code: ' exteriorfeature19', label: 'Fishing '},"
,Exterior Features - Flat Terrain,ExteriorFeature,exterior_feature,exteriorfeature20,"{table: :exterior_feature, code: ' exteriorfeature20', label: 'Flat Terrain '},"
,Exterior Features - Garden,ExteriorFeature,exterior_feature,exteriorfeature21,"{table: :exterior_feature, code: ' exteriorfeature21', label: 'Garden '},"
,Exterior Features - Golf Course Lot,ExteriorFeature,exterior_feature,exteriorfeature22,"{table: :exterior_feature, code: ' exteriorfeature22', label: 'Golf Course Lot '},"
,Exterior Features - Greenhouse,ExteriorFeature,exterior_feature,exteriorfeature23,"{table: :exterior_feature, code: ' exteriorfeature23', label: 'Greenhouse '},"
,Exterior Features - Guest House,ExteriorFeature,exterior_feature,exteriorfeature24,"{table: :exterior_feature, code: ' exteriorfeature24', label: 'Guest House '},"
,Exterior Features - Hand Line,ExteriorFeature,exterior_feature,exteriorfeature25,"{table: :exterior_feature, code: ' exteriorfeature25', label: 'Hand Line '},"
,Exterior Features - Horse Property,ExteriorFeature,exterior_feature,exteriorfeature26,"{table: :exterior_feature, code: ' exteriorfeature26', label: 'Horse Property '},"
,Exterior Features - Hot Tub,ExteriorFeature,exterior_feature,exteriorfeature27,"{table: :exterior_feature, code: ' exteriorfeature27', label: 'Hot Tub '},"
,Exterior Features - Hunting,ExteriorFeature,exterior_feature,exteriorfeature28,"{table: :exterior_feature, code: ' exteriorfeature28', label: 'Hunting '},"
,Exterior Features - Irrigated,ExteriorFeature,exterior_feature,exteriorfeature29,"{table: :exterior_feature, code: ' exteriorfeature29', label: 'Irrigated '},"
,Exterior Features - Kennel (Dog),ExteriorFeature,exterior_feature,exteriorfeature30,"{table: :exterior_feature, code: ' exteriorfeature30', label: 'Kennel (Dog) '},"
,Exterior Features - Lake View,ExteriorFeature,exterior_feature,exteriorfeature31,"{table: :exterior_feature, code: ' exteriorfeature31', label: 'Lake View '},"
,Exterior Features - Landscaping,ExteriorFeature,exterior_feature,exteriorfeature32,"{table: :exterior_feature, code: ' exteriorfeature32', label: 'Landscaping '},"
,Exterior Features - Loafing Shed,ExteriorFeature,exterior_feature,exteriorfeature33,"{table: :exterior_feature, code: ' exteriorfeature33', label: 'Loafing Shed '},"
,Exterior Features - Mountain View,ExteriorFeature,exterior_feature,exteriorfeature34,"{table: :exterior_feature, code: ' exteriorfeature34', label: 'Mountain View '},"
,Exterior Features - Natural Gas to Property,ExteriorFeature,exterior_feature,exteriorfeature35,"{table: :exterior_feature, code: ' exteriorfeature35', label: 'Natural Gas to Property '},"
,Exterior Features - Patio,ExteriorFeature,exterior_feature,exteriorfeature36,"{table: :exterior_feature, code: ' exteriorfeature36', label: 'Patio '},"
,Exterior Features - Pivot Irrigated,ExteriorFeature,exterior_feature,exteriorfeature37,"{table: :exterior_feature, code: ' exteriorfeature37', label: 'Pivot Irrigated '},"
,Exterior Features - Pond,ExteriorFeature,exterior_feature,exteriorfeature38,"{table: :exterior_feature, code: ' exteriorfeature38', label: 'Pond '},"
,Exterior Features - Pool,ExteriorFeature,exterior_feature,exteriorfeature39,"{table: :exterior_feature, code: ' exteriorfeature39', label: 'Pool '},"
,Exterior Features - Porch,ExteriorFeature,exterior_feature,exteriorfeature40,"{table: :exterior_feature, code: ' exteriorfeature40', label: 'Porch '},"
,Exterior Features - Production Ground,ExteriorFeature,exterior_feature,exteriorfeature41,"{table: :exterior_feature, code: ' exteriorfeature41', label: 'Production Ground '},"
,Exterior Features - Recreational,ExteriorFeature,exterior_feature,exteriorfeature42,"{table: :exterior_feature, code: ' exteriorfeature42', label: 'Recreational '},"
,Exterior Features - River Frontage,ExteriorFeature,exterior_feature,exteriorfeature43,"{table: :exterior_feature, code: ' exteriorfeature43', label: 'River Frontage '},"
,Exterior Features - Rolling Terrain,ExteriorFeature,exterior_feature,exteriorfeature44,"{table: :exterior_feature, code: ' exteriorfeature44', label: 'Rolling Terrain '},"
,Exterior Features - RV Parking,ExteriorFeature,exterior_feature,exteriorfeature45,"{table: :exterior_feature, code: ' exteriorfeature45', label: 'RV Parking '},"
,Exterior Features - Shop,ExteriorFeature,exterior_feature,exteriorfeature46,"{table: :exterior_feature, code: ' exteriorfeature46', label: 'Shop '},"
,Exterior Features - Spring,ExteriorFeature,exterior_feature,exteriorfeature47,"{table: :exterior_feature, code: ' exteriorfeature47', label: 'Spring '},"
,"Exterior Features - Sprinklers, Auto",ExteriorFeature,exterior_feature,exteriorfeature48,"{table: :exterior_feature, code: ' exteriorfeature48', label: 'Sprinklers, Auto '},"
,"Exterior Features - Sprinklers, Manual",ExteriorFeature,exterior_feature,exteriorfeature49,"{table: :exterior_feature, code: ' exteriorfeature49', label: 'Sprinklers, Manual '},"
,Exterior Features - Storage Building,ExteriorFeature,exterior_feature,exteriorfeature50,"{table: :exterior_feature, code: ' exteriorfeature50', label: 'Storage Building '},"
,Exterior Features - Wooded Acreage,ExteriorFeature,exterior_feature,exteriorfeature51,"{table: :exterior_feature, code: ' exteriorfeature51', label: 'Wooded Acreage '},"
,Exterior Features - None,ExteriorFeature,exterior_feature,exteriorfeature52,"{table: :exterior_feature, code: ' exteriorfeature52', label: 'None '},"
,Exterior Features - Deck/Patio,ExteriorFeature,exterior_feature,exteriorfeature58,"{table: :exterior_feature, code: ' exteriorfeature58', label: 'Deck/Patio '},"
,,,,,
Road Maintenance ,Road Maintenance - Private,ExteriorFeature,exterior_feature,exteriorfeature54,"{table: :exterior_feature, code: ' exteriorfeature54', label: 'Private '},"
,Road Maintenance - Public,ExteriorFeature,exterior_feature,exteriorfeature55,"{table: :exterior_feature, code: ' exteriorfeature55', label: 'Public '},"
Road Surface,Road Surface - Paved (Asphalt/Concrete),ExteriorFeature,exterior_feature,exteriorfeature56,"{table: :exterior_feature, code: ' exteriorfeature56', label: 'Paved (Asphalt/Concrete) '},"
,Road Surface - Unpaved (Dirt/Gravel),ExteriorFeature,exterior_feature,exteriorfeature57,"{table: :exterior_feature, code: ' exteriorfeature57', label: 'Unpaved (Dirt/Gravel) '},"
,,,,,
Leases and Permits ,Leases and Permits - BLM,ExteriorFeature,exterior_feature,exteriorfeature59,"{table: :exterior_feature, code: ' exteriorfeature59', label: 'BLM '},"
,Leases and Permits - State,ExteriorFeature,exterior_feature,exteriorfeature60,"{table: :exterior_feature, code: ' exteriorfeature60', label: 'State '},"
,Leases and Permits - Forest Service,ExteriorFeature,exterior_feature,exteriorfeature61,"{table: :exterior_feature, code: ' exteriorfeature61', label: 'Forest Service '},"
,Leases and Permits - Private,ExteriorFeature,exterior_feature,exteriorfeature62,"{table: :exterior_feature, code: ' exteriorfeature62', label: 'Private '},"
,Leases and Permits - None,ExteriorFeature,exterior_feature,exteriorfeature63,"{table: :exterior_feature, code: ' exteriorfeature63', label: 'None '},"
,Leases and Permits - Other-See Remarks,ExteriorFeature,exterior_feature,exteriorfeature64,"{table: :exterior_feature, code: ' exteriorfeature64', label: 'Other-See Remarks '},"
,,,,,
Commercial Features ,Commercial Features - Dock,ExteriorFeature,exterior_feature,exteriorfeature65,"{table: :exterior_feature, code: ' exteriorfeature65', label: 'Dock '},"
,Commercial Features - Rail Spur,ExteriorFeature,exterior_feature,exteriorfeature66,"{table: :exterior_feature, code: ' exteriorfeature66', label: 'Rail Spur '},"
,,,,,
Miscellaneous ,Miscellaneous - P & L/Cash Flow Available,ExteriorFeature,exterior_feature,exteriorfeature67,"{table: :exterior_feature, code: ' exteriorfeature67', label: 'P & L/Cash Flow Available '},"
,Miscellaneous - Licenses/Permits Required,ExteriorFeature,exterior_feature,exteriorfeature68,"{table: :exterior_feature, code: ' exteriorfeature68', label: 'Licenses/Permits Required '},"
,Miscellaneous - Seller Will Train,ExteriorFeature,exterior_feature,exteriorfeature69,"{table: :exterior_feature, code: ' exteriorfeature69', label: 'Seller Will Train '},"
,Miscellaneous - Franchise,ExteriorFeature,exterior_feature,exteriorfeature70,"{table: :exterior_feature, code: ' exteriorfeature70', label: 'Franchise '},"
,Miscellaneous - Building Currently Leased,ExteriorFeature,exterior_feature,exteriorfeature71,"{table: :exterior_feature, code: ' exteriorfeature71', label: 'Building Currently Leased '},"
,Miscellaneous - Environmental Study,ExteriorFeature,exterior_feature,exteriorfeature72,"{table: :exterior_feature, code: ' exteriorfeature72', label: 'Environmental Study '},"
,Miscellaneous - Highway Frontage,ExteriorFeature,exterior_feature,exteriorfeature73,"{table: :exterior_feature, code: ' exteriorfeature73', label: 'Highway Frontage '},"
,Miscellaneous - Main Street Frontage,ExteriorFeature,exterior_feature,exteriorfeature74,"{table: :exterior_feature, code: ' exteriorfeature74', label: 'Main Street Frontage '},"
,Miscellaneous - Soil Test,ExteriorFeature,exterior_feature,exteriorfeature75,"{table: :exterior_feature, code: ' exteriorfeature75', label: 'Soil Test '},"
,Miscellaneous - Seller to Sign Non-Compete,ExteriorFeature,exterior_feature,exteriorfeature76,"{table: :exterior_feature, code: ' exteriorfeature76', label: 'Seller to Sign Non-Compete '},"
,Miscellaneous - Other Structures,ExteriorFeature,exterior_feature,exteriorfeature77,"{table: :exterior_feature, code: ' exteriorfeature77', label: 'Other Structures '},"
,Miscellaneous - Special Assessments,ExteriorFeature,exterior_feature,exteriorfeature78,"{table: :exterior_feature, code: ' exteriorfeature78', label: 'Special Assessments '},"
,Miscellaneous - None,ExteriorFeature,exterior_feature,exteriorfeature79,"{table: :exterior_feature, code: ' exteriorfeature79', label: 'None '},"
,,,,,
Disclosures,Disclosures - Yes,ExteriorType,exterior_feature,exteriorfeature53,"{table: :exterior_feature, code: ' exteriorfeature53', label: 'Yes '},"
,,,,,
Financing,Financing - Cash,FinancialTerm,financial_term,financialterm1,"{table: :financial_term, code: ' financialterm1', label: 'Cash '},"
,Financing - VA,FinancialTerm,financial_term,financialterm2,"{table: :financial_term, code: ' financialterm2', label: 'VA '},"
,Financing - FHA,FinancialTerm,financial_term,financialterm3,"{table: :financial_term, code: ' financialterm3', label: 'FHA '},"
,Financing - Owner,FinancialTerm,financial_term,financialterm4,"{table: :financial_term, code: ' financialterm4', label: 'Owner '},"
,Financing - USDA,FinancialTerm,financial_term,financialterm5,"{table: :financial_term, code: ' financialterm5', label: 'USDA '},"
,Financing - Assumable,FinancialTerm,financial_term,financialterm6,"{table: :financial_term, code: ' financialterm6', label: 'Assumable '},"
,Financing - Conventional,FinancialTerm,financial_term,financialterm7,"{table: :financial_term, code: ' financialterm7', label: 'Conventional '},"
,Financing - WCDA,FinancialTerm,financial_term,financialterm8,"{table: :financial_term, code: ' financialterm8', label: 'WCDA '},"
,Financing - 1031,FinancialTerm,financial_term,financialterm9,"{table: :financial_term, code: ' financialterm9', label: '1031 '},"
,Financing - Other,FinancialTerm,financial_term,financialterm10,"{table: :financial_term, code: ' financialterm10', label: 'Other '},"
,,,,,
Fireplace Type,Fireplace Type - Electric,FireplaceType,fireplace_type,fireplace1,"{table: :fireplace_type, code: ' fireplace1', label: 'Electric '},"
,Fireplace Type - Gas,FireplaceType,fireplace_type,fireplace2,"{table: :fireplace_type, code: ' fireplace2', label: 'Gas '},"
,Fireplace Type - Wood,FireplaceType,fireplace_type,fireplace3,"{table: :fireplace_type, code: ' fireplace3', label: 'Wood '},"
,Fireplace Type - None,FireplaceType,fireplace_type,fireplace4,"{table: :fireplace_type, code: ' fireplace4', label: 'None '},"
,,,,,
Heating Stove Type,Heating Stove Type - Coal,HeatingType,heating_type,heating1,"{table: :heating_type, code: ' heating1', label: 'Coal '},"
,Heating Stove Type - Corn,HeatingType,heating_type,heating2,"{table: :heating_type, code: ' heating2', label: 'Corn'},"
,Heating Stove Type - Electric,HeatingType,heating_type,heating3,"{table: :heating_type, code: ' heating3', label: 'Electric '},"
,Heating Stove Type - Gas,HeatingType,heating_type,heating4,"{table: :heating_type, code: ' heating4', label: 'Gas'},"
,Heating Stove Type - Pellet,HeatingType,heating_type,heating5,"{table: :heating_type, code: ' heating5', label: 'Pellet'},"
,Heating Stove Type - Wood,HeatingType,heating_type,heating6,"{table: :heating_type, code: ' heating6', label: 'Wood'},"
,Heating Stove Type - None,HeatingType,heating_type,heating7,"{table: :heating_type, code: ' heating7', label: 'None'},"
,,,,,
Interior Features,Interior Features - Attic Fan,InteriorFeature,interior_feature,interior1,"{table: :interior_feature, code: ' interior1', label: 'Attic Fan'},"
,Interior Features - Breakfast Bar,InteriorFeature,interior_feature,interior2,"{table: :interior_feature, code: ' interior2', label: 'Breakfast Bar'},"
,Interior Features - Breakfast Nook,InteriorFeature,interior_feature,interior3,"{table: :interior_feature, code: ' interior3', label: 'Breakfast Nook'},"
,Interior Features - Ceiling Fan(s),InteriorFeature,interior_feature,interior4,"{table: :interior_feature, code: ' interior4', label: 'Ceiling Fan(s)'},"
,Interior Features - Central Vacuum System,InteriorFeature,interior_feature,interior5,"{table: :interior_feature, code: ' interior5', label: 'Central Vacuum System'},"
,Interior Features - Disposal,InteriorFeature,interior_feature,interior6,"{table: :interior_feature, code: ' interior6', label: 'Disposal'},"
,Interior Features - Garage Door Opener,InteriorFeature,interior_feature,interior7,"{table: :interior_feature, code: ' interior7', label: 'Garage Door Opener'},"
,Interior Features - Handicap Access,InteriorFeature,interior_feature,interior8,"{table: :interior_feature, code: ' interior8', label: 'Handicap Access'},"
,Interior Features - Home Theater,InteriorFeature,interior_feature,interior9,"{table: :interior_feature, code: ' interior9', label: 'Home Theater'},"
,Interior Features - Home Warranty,InteriorFeature,interior_feature,interior10,"{table: :interior_feature, code: ' interior10', label: 'Home Warranty'},"
,Interior Features - Hot Tub,InteriorFeature,interior_feature,interior11,"{table: :interior_feature, code: ' interior11', label: 'Hot Tub'},"
,Interior Features - Jetted Tub,InteriorFeature,interior_feature,interior12,"{table: :interior_feature, code: ' interior12', label: 'Jetted Tub'},"
,Interior Features - Loft,InteriorFeature,interior_feature,interior13,"{table: :interior_feature, code: ' interior13', label: 'Loft'},"
,Interior Features - Mud Room,InteriorFeature,interior_feature,interior14,"{table: :interior_feature, code: ' interior14', label: 'Mud Room'},"
,Interior Features - Pantry,InteriorFeature,interior_feature,interior15,"{table: :interior_feature, code: ' interior15', label: 'Pantry'},"
,Interior Features - Porch,InteriorFeature,interior_feature,interior16,"{table: :interior_feature, code: ' interior16', label: 'Porch'},"
,Interior Features - RO System,InteriorFeature,interior_feature,interior17,"{table: :interior_feature, code: ' interior17', label: 'RO System'},"
,Interior Features - Satellite Dish,InteriorFeature,interior_feature,interior18,"{table: :interior_feature, code: ' interior18', label: 'Satellite Dish'},"
,Interior Features - Sauna,InteriorFeature,interior_feature,interior19,"{table: :interior_feature, code: ' interior19', label: 'Sauna'},"
,Interior Features - Security System,InteriorFeature,interior_feature,interior20,"{table: :interior_feature, code: ' interior20', label: 'Security System'},"
,Interior Features - Skylights,InteriorFeature,interior_feature,interior21,"{table: :interior_feature, code: ' interior21', label: 'Skylights'},"
,Interior Features - Sump Pump,InteriorFeature,interior_feature,interior22,"{table: :interior_feature, code: ' interior22', label: 'Sump Pump'},"
,Interior Features - Tile Floor,InteriorFeature,interior_feature,interior23,"{table: :interior_feature, code: ' interior23', label: 'Tile Floor'},"
,Interior Features - Trash Compactor,InteriorFeature,interior_feature,interior24,"{table: :interior_feature, code: ' interior24', label: 'Trash Compactor'},"
,Interior Features - Vaulted Ceiling(s),InteriorFeature,interior_feature,interior25,"{table: :interior_feature, code: ' interior25', label: 'Vaulted Ceiling(s)'},"
,Interior Features - Walk-in Closet(s),InteriorFeature,interior_feature,interior26,"{table: :interior_feature, code: ' interior26', label: 'Walk-in Closet(s)'},"
,Interior Features - Water Softener (owned),InteriorFeature,interior_feature,interior27,"{table: :interior_feature, code: ' interior27', label: 'Water Softener (owned)'},"
,Interior Features - Water Softener (leased),InteriorFeature,interior_feature,interior28,"{table: :interior_feature, code: ' interior28', label: 'Water Softener (leased)'},"
,Interior Features - Wet Bar,InteriorFeature,interior_feature,interior29,"{table: :interior_feature, code: ' interior29', label: 'Wet Bar'},"
,Interior Features - Wood Floor,InteriorFeature,interior_feature,interior30,"{table: :interior_feature, code: ' interior30', label: 'Wood Floor'},"
,,,,,
Commercial Features,Commercial Features - 220 Volt,InteriorFeature,interior_feature,interior31,"{table: :interior_feature, code: ' interior31', label: '220 Volt '},"
,Commercial Features - 3-Phase Electric,InteriorFeature,interior_feature,interior32,"{table: :interior_feature, code: ' interior32', label: '3-Phase Electric '},"
,Commercial Features - DSL/Cable,InteriorFeature,interior_feature,interior33,"{table: :interior_feature, code: ' interior33', label: 'DSL/Cable '},"
,Commercial Features - Elevator,InteriorFeature,interior_feature,interior34,"{table: :interior_feature, code: ' interior34', label: 'Elevator '},"
,Commercial Features - Fiber Optic,InteriorFeature,interior_feature,interior35,"{table: :interior_feature, code: ' interior35', label: 'Fiber Optic '},"
,Commercial Features - Handicapped Access,InteriorFeature,interior_feature,interior36,"{table: :interior_feature, code: ' interior36', label: 'Handicapped Access '},"
,Commercial Features - Security System,InteriorFeature,interior_feature,interior37,"{table: :interior_feature, code: ' interior37', label: 'Security System '},"
,Commercial Features - Specialty Equipment,InteriorFeature,interior_feature,interior38,"{table: :interior_feature, code: ' interior38', label: 'Specialty Equipment '},"
,Commercial Features - None,InteriorFeature,interior_feature,interior39,"{table: :interior_feature, code: ' interior39', label: 'None '},"
,,,,,
Miscellaneous ,Miscellaneous - Leased Equipment,InteriorFeature,interior_feature,interior40,"{table: :interior_feature, code: ' interior40', label: 'Leased Equipment '},"
,Miscellaneous - Fire Sprinkler System,InteriorFeature,interior_feature,interior41,"{table: :interior_feature, code: ' interior41', label: 'Fire Sprinkler System '},"
,Miscellaneous - Inventory Included,InteriorFeature,interior_feature,interior42,"{table: :interior_feature, code: ' interior42', label: 'Inventory Included '},"
,Miscellaneous - Irrigation,IrrigationType,irrigation_type,irrigationtype1,"{table: :irrigation_type, code: ' irrigationtype1', label: 'Irrigation '},"
,,,,,
Type of Leased Land ,Type of Leased Land - BLM,LandType,land_type,land5,"{table: :land_type, code: ' land5', label: 'BLM '},"
,Type of Leased Land - Bureau of Reclamation,LandType,land_type,land6,"{table: :land_type, code: ' land6', label: 'Bureau of Reclamation '},"
,Type of Leased Land - Forest Services,LandType,land_type,land7,"{table: :land_type, code: ' land7', label: 'Forest Services '},"
,Type of Leased Land - Private,LandType,land_type,land8,"{table: :land_type, code: ' land8', label: 'Private '},"
,Type of Leased Land - State,LandType,land_type,land9,"{table: :land_type, code: ' land9', label: 'State '},"
,Type of Leased Land - None,LandType,land_type,land10,"{table: :land_type, code: ' land10', label: 'None '},"
,,,,,
Topography ,Topography - Flat,LandType,land_type,land1,"{table: :land_type, code: ' land1', label: 'Flat '},"
,Topography - Mountainous,LandType,land_type,land2,"{table: :land_type, code: ' land2', label: 'Mountainous '},"
,Topography - Rolling,LandType,land_type,land3,"{table: :land_type, code: ' land3', label: 'Rolling '},"
,Topography - Steep,LandType,land_type,land4,"{table: :land_type, code: ' land4', label: 'Steep '},"
,Topography - Flat,LandType,land_type,land1,"{table: :land_type, code: ' land1', label: 'Flat '},"
,Topography - Mountainous,LandType,land_type,land2,"{table: :land_type, code: ' land2', label: ' Mountainous '},"
,Topography - Rolling,LandType,land_type,land3,"{table: :land_type, code: ' land3', label: 'Rolling '},"
,Topography - Steep,LandType,land_type,land4,"{table: :land_type, code: ' land4', label: 'Steep '},"
,,,,,
,,,,,
Area,Area - Clark,MlsArea,mls_area,area1,"{table: :mls_area, code: ' area1', label: 'Clark '},"
,Area - Cody in Town,MlsArea,mls_area,area2,"{table: :mls_area, code: ' area2', label: 'Cody in Town '},"
,Area - Cody Out of Town,MlsArea,mls_area,area3,"{table: :mls_area, code: ' area3', label: 'Cody Out of Town '},"
,Area - Meeteetse,MlsArea,mls_area,area4,"{table: :mls_area, code: ' area4', label: 'Meeteetse '},"
,Area - Montana,MlsArea,mls_area,area5,"{table: :mls_area, code: ' area5', label: 'Montana '},"
,Area - N Big Horn in Town,MlsArea,mls_area,area6,"{table: :mls_area, code: ' area6', label: 'N Big Horn in Town '},"
,Area - N Big Horn Out of Town,MlsArea,mls_area,area7,"{table: :mls_area, code: ' area7', label: 'N Big Horn Out of Town '},"
,Area - Out of Area,MlsArea,mls_area,area8,"{table: :mls_area, code: ' area8', label: 'Out of Area '},"
,Area - Powell in Town,MlsArea,mls_area,area9,"{table: :mls_area, code: ' area9', label: 'Powell in Town '},"
,Area - Powell Out of Town,MlsArea,mls_area,area10,"{table: :mls_area, code: ' area10', label: 'Powell Out of Town '},"
,Area - S Big Horn in Town,MlsArea,mls_area,area11,"{table: :mls_area, code: ' area11', label: 'S Big Horn in Town '},"
,Area - S Big Horn Out of Town,MlsArea,mls_area,area12,"{table: :mls_area, code: ' area12', label: 'S Big Horn Out of Town '},"
,Area - Sunlight/Crandall,MlsArea,mls_area,area13,"{table: :mls_area, code: ' area13', label: 'Sunlight/Crandall '},"
,,,,,
Garage/Type Stalls,Garage/Type Stalls - None,ParkingType,parking_type,parking1,"{table: :parking_type, code: ' parking1', label: 'None '},"
,Garage/Type Stalls - Attached-1 Stall,ParkingType,parking_type,parking2,"{table: :parking_type, code: ' parking2', label: 'Attached-1 Stall '},"
,Garage/Type Stalls - Attached-2 Stalls,ParkingType,parking_type,parking3,"{table: :parking_type, code: ' parking3', label: 'Attached-2 Stalls '},"
,Garage/Type Stalls - Attached-3 Stalls,ParkingType,parking_type,parking4,"{table: :parking_type, code: ' parking4', label: 'Attached-3 Stalls '},"
,Garage/Type Stalls - Attached-4 Stalls,ParkingType,parking_type,parking5,"{table: :parking_type, code: ' parking5', label: 'Attached-4 Stalls '},"
,Garage/Type Stalls - Carport-1 Stall,ParkingType,parking_type,parking6,"{table: :parking_type, code: ' parking6', label: 'Carport-1 Stall '},"
,Garage/Type Stalls - Carport-2 Stalls,ParkingType,parking_type,parking7,"{table: :parking_type, code: ' parking7', label: 'Carport-2 Stalls '},"
,Garage/Type Stalls - Detached-1 Stall,ParkingType,parking_type,parking8,"{table: :parking_type, code: ' parking8', label: 'Detached-1 Stall '},"
,Garage/Type Stalls - Detached-2 Stalls,ParkingType,parking_type,parking9,"{table: :parking_type, code: ' parking9', label: 'Detached-2 Stalls '},"
,Garage/Type Stalls - Detached-3 Stalls,ParkingType,parking_type,parking10,"{table: :parking_type, code: ' parking10', label: 'Detached-3 Stalls '},"
,Garage/Type Stalls - Detached-4 Stalls,ParkingType,parking_type,parking11,"{table: :parking_type, code: ' parking11', label: 'Detached-4 Stalls '},"
,,,,,
Parking Availability ,Parking Availability - Alley,ParkingType,parking_type,parking12,"{table: :parking_type, code: ' parking12', label: 'Alley '},"
,Parking Availability - Private Lot,ParkingType,parking_type,parking13,"{table: :parking_type, code: ' parking13', label: 'Private Lot '},"
,Parking Availability - Public Lot,ParkingType,parking_type,parking14,"{table: :parking_type, code: ' parking14', label: 'Public Lot '},"
,Parking Availability - Street,ParkingType,parking_type,parking15,"{table: :parking_type, code: ' parking15', label: 'Street '},"
,,,,,
Property Status,Property Status - Active,PropertyStatus,status,active,"{table: :status, code: ' active', label: 'Active '},"
,Property Status - Active with Contingency,PropertyStatus,status,active,"{table: :status, code: ' active', label: 'Active with Contingency '},"
,Property Status - Pending,PropertyStatus,status,under-contract,"{table: :status, code: ' under-contract', label: 'Pending '},"
,Property Status - Closed,PropertyStatus,status,sold,"{table: :status, code: ' sold', label: 'Closed '},"
,Property Status - Withdrawn,PropertyStatus,status,withdrawn,"{table: :status, code: ' withdrawn', label: 'Withdrawn '},"
,Property Status - Expired,PropertyStatus,status,expired,"{table: :status, code: ' expired', label: 'Expired '},"
,Property Status - Temporarily Off Market,PropertyStatus,status,temporarily-off-market,"{table: :status, code: ' temporarily-off-market', label: 'Temporarily Off Market '},"
,Property Status - Rented,PropertyStatus,status,rented,"{table: :status, code: ' rented', label: 'Rented '},"
,,,,,
Property Type,Property Type - Residential,PropertySubType,property_sub_type,propertysubtype1,"{table: :property_sub_type, code: ' propertysubtype1', label: 'Residential '},"
,Property Type - Residential Non MLS,PropertySubType,property_sub_type,propertysubtype2,"{table: :property_sub_type, code: ' propertysubtype2', label: 'Residential Non MLS '},"
,Property Type - Farm/Ranch (min 35 acres),PropertySubType,property_sub_type,propertysubtype3,"{table: :property_sub_type, code: ' propertysubtype3', label: 'Farm/Ranch (min 35 acres) '},"
,Property Type - Farm/Ranch-Land Only,PropertySubType,property_sub_type,propertysubtype4,"{table: :property_sub_type, code: ' propertysubtype4', label: 'Farm/Ranch-Land Only '},"
,Property Type - Farm/Ranch Non MLS,PropertySubType,property_sub_type,propertysubtype5,"{table: :property_sub_type, code: ' propertysubtype5', label: 'Farm/Ranch Non MLS '},"
,Property Type - Multi-Family,PropertySubType,property_sub_type,propertysubtype6,"{table: :property_sub_type, code: ' propertysubtype6', label: 'Multi-Family '},"
,Property Type - Multi-Family Non MLS,PropertySubType,property_sub_type,propertysubtype7,"{table: :property_sub_type, code: ' propertysubtype7', label: 'Multi-Family Non MLS '},"
,Property Type - Lots/Land,PropertySubType,property_sub_type,propertysubtype8,"{table: :property_sub_type, code: ' propertysubtype8', label: 'Lots/Land '},"
,Property Type - Lots/Land Non MLS,PropertySubType,property_sub_type,propertysubtype9,"{table: :property_sub_type, code: ' propertysubtype9', label: 'Lots/Land Non MLS '},"
,Property Type - Building Only,PropertySubType,property_sub_type,propertysubtype10,"{table: :property_sub_type, code: ' propertysubtype10', label: 'Building Only '},"
,Property Type - Business & Building,PropertySubType,property_sub_type,propertysubtype11,"{table: :property_sub_type, code: ' propertysubtype11', label: 'Business & Building '},"
,Property Type - Commercial Non MLS,PropertySubType,property_sub_type,propertysubtype12,"{table: :property_sub_type, code: ' propertysubtype12', label: 'Commercial Non MLS '},"
,Property Type - Business Only,PropertySubType,property_sub_type,propertysubtype13,"{table: :property_sub_type, code: ' propertysubtype13', label: 'Business Only '},"
,Property Type - Residential Lease,PropertySubType,property_sub_type,propertysubtype14,"{table: :property_sub_type, code: ' propertysubtype14', label: 'Residential Lease '},"
,,,,,
Roof,Roof - Built-Up,RoofType,roof_type,roof1,"{table: :roof_type, code: ' roof1', label: 'Built-Up '},"
,Roof - Composition,RoofType,roof_type,roof2,"{table: :roof_type, code: ' roof2', label: 'Composition '},"
,Roof - Foam,RoofType,roof_type,roof5,"{table: :roof_type, code: ' roof5', label: 'Foam '},"
,Roof - Masonite,RoofType,roof_type,roof13,"{table: :roof_type, code: ' roof13', label: 'Masonite '},"
,Roof - Membrane,RoofType,roof_type,roof3,"{table: :roof_type, code: ' roof3', label: 'Membrane '},"
,Roof - Metal,RoofType,roof_type,roof4,"{table: :roof_type, code: ' roof4', label: 'Metal '},"
,Roof - Roll Roofing,RoofType,roof_type,roof6,"{table: :roof_type, code: ' roof6', label: 'Roll Roofing '},"
,Roof - Shake,RoofType,roof_type,roof12,"{table: :roof_type, code: ' roof12', label: 'Shake '},"
,Roof - Shingle,RoofType,roof_type,roof11,"{table: :roof_type, code: ' roof11', label: 'Shingle '},"
,Roof - Single-Ply Roof,RoofType,roof_type,roof7,"{table: :roof_type, code: ' roof7', label: 'Single-Ply Roof '},"
,Roof - Tar/Gravel,RoofType,roof_type,roof10,"{table: :roof_type, code: ' roof10', label: 'Tar/Gravel '},"
,Roof - Tile,RoofType,roof_type,roof8,"{table: :roof_type, code: ' roof8', label: 'Tile '},"
,Roof - Wood,RoofType,roof_type,roof9,"{table: :roof_type, code: ' roof9', label: 'Wood '},"
,,,,,
Sewer ,Sewer - Aerobic Septic,SewerType,sewer_type,sewer1,"{table: :sewer_type, code: ' sewer1', label: 'Aerobic Septic '},"
,Sewer - Central,SewerType,sewer_type,sewer2,"{table: :sewer_type, code: ' sewer2', label: 'Central '},"
,Sewer - City,SewerType,sewer_type,sewer3,"{table: :sewer_type, code: ' sewer3', label: 'City '},"
,Sewer - City Sewer Connection Available,SewerType,sewer_type,sewer4,"{table: :sewer_type, code: ' sewer4', label: 'City Sewer Connection Available '},"
,Sewer - Connected to City Sewer,SewerType,sewer_type,sewer5,"{table: :sewer_type, code: ' sewer5', label: 'Connected to City Sewer '},"
,Sewer - Engineered Septic,SewerType,sewer_type,sewer6,"{table: :sewer_type, code: ' sewer6', label: 'Engineered Septic '},"
,Sewer - Mound Septic,SewerType,sewer_type,sewer7,"{table: :sewer_type, code: ' sewer7', label: 'Mound Septic '},"
,Sewer - None,SewerType,sewer_type,sewer8,"{table: :sewer_type, code: ' sewer8', label: 'None '},"
,Sewer - Red Lodge,SewerType,sewer_type,sewer9,"{table: :sewer_type, code: ' sewer9', label: 'Red Lodge '},"
,Sewer - Septic Needed,SewerType,sewer_type,sewer10,"{table: :sewer_type, code: ' sewer10', label: 'Septic Needed '},"
,Sewer - Septic Tank,SewerType,sewer_type,sewer11,"{table: :sewer_type, code: ' sewer11', label: 'Septic Tank '},"
,Sewer - Shared Septic,SewerType,sewer_type,sewer12,"{table: :sewer_type, code: ' sewer12', label: 'Shared Septic '},"
,,,,,
House Design,House Design - 1 Story,Style,style,style1,"{table: :style, code: ' style1', label: '1 Story '},"
,House Design - 1.5 Story,Style,style,style2,"{table: :style, code: ' style2', label: '1.5 Story '},"
,House Design - 2 Story,Style,style,style3,"{table: :style, code: ' style3', label: '2 Story '},"
,House Design - 2.5 Story,Style,style,style4,"{table: :style, code: ' style4', label: '2.5 Story '},"
,House Design - Bi-Level,Style,style,style5,"{table: :style, code: ' style5', label: 'Bi-Level '},"
,House Design - Condominium,Style,style,style6,"{table: :style, code: ' style6', label: 'Condominium '},"
,House Design - Singlewide,Style,style,style7,"{table: :style, code: ' style7', label: 'Singlewide '},"
,House Design - Doublewide,Style,style,style8,"{table: :style, code: ' style8', label: 'Doublewide '},"
,House Design - Triplewide,Style,style,style9,"{table: :style, code: ' style9', label: 'Triplewide '},"
,House Design - Modular,Style,style,style21,"{table: :style, code: ' style21', label: 'Modular '},"
,House Design - Multi-Level,Style,style,style10,"{table: :style, code: ' style10', label: 'Multi-Level '},"
,House Design - Tri/Split Level,Style,style,style11,"{table: :style, code: ' style11', label: 'Tri/Split Level '},"
,House Design - Townhouse,Style,style,style12,"{table: :style, code: ' style12', label: 'Townhouse '},"
,House Design - Shop House,Style,style,style13,"{table: :style, code: ' style13', label: 'Shop House '},"
,,,,,
Business Type ,Business Type - Accounting,Style,style,style22,"{table: :style, code: ' style22', label: 'Accounting '},"
,Business Type - Agriculture,Style,style,style23,"{table: :style, code: ' style23', label: 'Agriculture '},"
,Business Type - Appliances,Style,style,style24,"{table: :style, code: ' style24', label: 'Appliances '},"
,Business Type - Appraisal,Style,style,style25,"{table: :style, code: ' style25', label: 'Appraisal '},"
,Business Type - Auto Repair-Speclty,Style,style,style26,"{table: :style, code: ' style26', label: 'Auto Repair-Speclty '},"
,Business Type - Auto Sales,Style,style,style27,"{table: :style, code: ' style27', label: 'Auto Sales '},"
,Business Type - Liquor Store,Style,style,style28,"{table: :style, code: ' style28', label: 'Liquor Store '},"
,Business Type - Bed & Breakfast,Style,style,style29,"{table: :style, code: ' style29', label: 'Bed & Breakfast '},"
,Business Type - Campground,Style,style,style30,"{table: :style, code: ' style30', label: 'Campground '},"
,Business Type - Car Wash,Style,style,style31,"{table: :style, code: ' style31', label: 'Car Wash '},"
,Business Type - Construction/Contractor,Style,style,style32,"{table: :style, code: ' style32', label: 'Construction/Contractor '},"
,Business Type - Convenience Store,Style,style,style33,"{table: :style, code: ' style33', label: 'Convenience Store '},"
,Business Type - Electrical,Style,style,style34,"{table: :style, code: ' style34', label: 'Electrical '},"
,Business Type - Furniture,Style,style,style35,"{table: :style, code: ' style35', label: 'Furniture '},"
,Business Type - Gas Station,Style,style,style36,"{table: :style, code: ' style36', label: 'Gas Station '},"
,Business Type - Hair Salon,Style,style,style37,"{table: :style, code: ' style37', label: 'Hair Salon '},"
,Business Type - Heat/Air Conditioning,Style,style,style38,"{table: :style, code: ' style38', label: 'Heat/Air Conditioning '},"
,Business Type - Hotel/Motel,Style,style,style39,"{table: :style, code: ' style39', label: 'Hotel/Motel '},"
,Business Type - Industrial,Style,style,style40,"{table: :style, code: ' style40', label: 'Industrial '},"
,Business Type - Laundromat,Style,style,style41,"{table: :style, code: ' style41', label: 'Laundromat '},"
,Business Type - Lumber,Style,style,style42,"{table: :style, code: ' style42', label: 'Lumber '},"
,Business Type - Manufacturing,Style,style,style43,"{table: :style, code: ' style43', label: 'Manufacturing '},"
,Business Type - Medical,Style,style,style44,"{table: :style, code: ' style44', label: 'Medical '},"
,Business Type - Mobile Home Park,Style,style,style45,"{table: :style, code: ' style45', label: 'Mobile Home Park '},"
,Business Type - Outfitting,Style,style,style46,"{table: :style, code: ' style46', label: 'Outfitting '},"
,Business Type - Photography,Style,style,style47,"{table: :style, code: ' style47', label: 'Photography '},"
,Business Type - Plumbing,Style,style,style48,"{table: :style, code: ' style48', label: 'Plumbing '},"
,Business Type - Professional/Office,Style,style,style49,"{table: :style, code: ' style49', label: 'Professional/Office '},"
,Business Type - Real Estate,Style,style,style50,"{table: :style, code: ' style50', label: 'Real Estate '},"
,Business Type - Restaurant,Style,style,style51,"{table: :style, code: ' style51', label: 'Restaurant '},"
,Business Type - Retail,Style,style,style52,"{table: :style, code: ' style52', label: 'Retail '},"
,Business Type - Storage,Style,style,style53,"{table: :style, code: ' style53', label: 'Storage '},"
,Business Type - Veterinary,Style,style,style54,"{table: :style, code: ' style54', label: 'Veterinary '},"
,Business Type - Video,Style,style,style55,"{table: :style, code: ' style55', label: 'Video '},"
,Business Type - Bar/Tavern/Lounge,Style,style,style56,"{table: :style, code: ' style56', label: 'Bar/Tavern/Lounge '},"
,Business Type - Other,Style,style,style57,"{table: :style, code: ' style57', label: 'Other '},"
,,,,,
Potential Uses ,Potential Uses - Residential,Style,style,style14,"{table: :style, code: ' style14', label: 'Residential '},"
,Potential Uses - Multi-Family,Style,style,style15,"{table: :style, code: ' style15', label: 'Multi-Family '},"
,Potential Uses - Commercial,Style,style,style16,"{table: :style, code: ' style16', label: 'Commercial '},"
,Potential Uses - Industrial,Style,style,style17,"{table: :style, code: ' style17', label: 'Industrial '},"
,Potential Uses - Agricultural,Style,style,style18,"{table: :style, code: ' style18', label: 'Agricultural '},"
,Potential Uses - Recreational,Style,style,style19,"{table: :style, code: ' style19', label: 'Recreational '},"
,Potential Uses - Other,Style,style,style20,"{table: :style, code: ' style20', label: 'Other '},"
,,,,,
Water Rights ,Water Rights - Well,WaterSource,water_source,water1,"{table: :water_source, code: ' water1', label: 'Well '},"
,Water Rights - Surface,WaterSource,water_source,water2,"{table: :water_source, code: ' water2', label: 'Surface '},"
,Water Rights - Territorial,WaterSource,water_source,water3,"{table: :water_source, code: ' water3', label: 'Territorial '},"
,Water Rights - Reservoir,WaterSource,water_source,water4,"{table: :water_source, code: ' water4', label: 'Reservoir '},"
,Water Rights - Water District,WaterSource,water_source,water5,"{table: :water_source, code: ' water5', label: 'Water District '},"
,Water Rights - None,WaterSource,water_source,water6,"{table: :water_source, code: ' water6', label: 'None '},"
,Water Rights - Other-See Remarks,WaterSource,water_source,water7,"{table: :water_source, code: ' water7', label: 'Other-See Remarks '},"