Construction - Block,ConstructionType,construction_type,constype1,"{table: :construction_type, code: ' constype1', label: 'Block '},","'constype1' => 'Construction - Block',",,,,,,,
Construction - Concrete,ConstructionType,construction_type,constype2,"{table: :construction_type, code: ' constype2', label: 'Concrete '},","'constype2' => 'Construction - Concrete',",,,,,,,
Construction - Frame,ConstructionType,construction_type,constype3,"{table: :construction_type, code: ' constype3', label: 'Frame '},","'constype3' => 'Construction - Frame',",,,,,,,
Construction - ICFs (Insulated Concrete Forms),ConstructionType,construction_type,constype4,"{table: :construction_type, code: ' constype4', label: 'ICFs (Insulated Concrete Forms) '},","'constype4' => 'Construction - ICFs (Insulated Concrete Forms)',",,,,,,,
Construction - Log,ConstructionType,construction_type,constype5,"{table: :construction_type, code: ' constype5', label: 'Log '},","'constype5' => 'Construction - Log',",,,,,,,
Construction - Manufactured (Post-1976),ConstructionType,construction_type,constype6,"{table: :construction_type, code: ' constype6', label: 'Manufactured (Post-1976) '},","'constype6' => 'Construction - Manufactured (Post-1976)',",,,,,,,
Construction - Mobile (Pre-1976),ConstructionType,construction_type,constype7,"{table: :construction_type, code: ' constype7', label: 'Mobile (Pre-1976) '},","'constype7' => 'Construction - Mobile (Pre-1976)',",,,,,,,
Construction - Modular,ConstructionType,construction_type,constype8,"{table: :construction_type, code: ' constype8', label: 'Modular '},","'constype8' => 'Construction - Modular',",,,,,,,
Construction - Straw,ConstructionType,construction_type,constype9,"{table: :construction_type, code: ' constype9', label: 'Straw '},","'constype9' => 'Construction - Straw',",,,,,,,
Construction - Timber Frame,ConstructionType,construction_type,constype10,"{table: :construction_type, code: ' constype10', label: 'Timber Frame '},","'constype10' => 'Construction - Timber Frame',",,,,,,,
Construction - Steel Frame,ConstructionType,construction_type,constype11,"{table: :construction_type, code: ' constype11', label: 'Steel Frame '},","'constype11' => 'Construction - Steel Frame',",,,,,,,
Construction - On Permanent Foundation,ConstructionType,construction_type,constype12,"{table: :construction_type, code: ' constype12', label: 'On Permanent Foundation '},","'constype12' => 'Construction - On Permanent Foundation',",,,,,,,
Construction - Mobile/Manufactured,ConstructionType,construction_type,constype32,"{table: :construction_type, code: ' constype32', label: 'Mobile/Manufactured '},","'constype32' => 'Construction - Mobile/Manufactured',",,,,,,,
Construction - Structured Insulated Panels,ConstructionType,construction_type,constype33,"{table: :construction_type, code: ' constype33', label: 'Structured Insulated Panels '},","'constype33' => 'Construction - Structured Insulated Panels',",,,,,,,
Exterior Siding - Asbestos,ConstructionType,construction_type,constype14,"{table: :construction_type, code: ' constype13', label: 'Asbestos'},","'constype14' => 'Exterior Siding - Asbestos',",,,,,,,
Exterior Siding - Aluminum,ConstructionType,construction_type,constype13,"{table: :construction_type, code: ' constype14', label: 'Aluminum'},","'constype13' => 'Exterior Siding - Aluminum',",,,,,,,
Exterior Siding - Block,ConstructionType,construction_type,constype15,"{table: :construction_type, code: ' constype15', label: 'Block'},","'constype15' => 'Exterior Siding - Block',",,,,,,,
Exterior Siding - Brick,ConstructionType,construction_type,constype16,"{table: :construction_type, code: ' constype16', label: 'Brick'},","'constype16' => 'Exterior Siding - Brick',",,,,,,,
Exterior Siding - Cedar,ConstructionType,construction_type,constype17,"{table: :construction_type, code: ' constype17', label: 'Cedar'},","'constype17' => 'Exterior Siding - Cedar',",,,,,,,
Exterior Siding - Cedar Shake,ConstructionType,construction_type,constype18,"{table: :construction_type, code: ' constype18', label: 'Cedar Shake'},","'constype18' => 'Exterior Siding - Cedar Shake',",,,,,,,
Exterior Siding - Cement Fiber,ConstructionType,construction_type,constype19,"{table: :construction_type, code: ' constype19', label: 'Cement Fiber'},","'constype19' => 'Exterior Siding - Cement Fiber',",,,,,,,
Exterior Siding - Combination,ConstructionType,construction_type,constype20,"{table: :construction_type, code: ' constype20', label: 'Combination'},","'constype20' => 'Exterior Siding - Combination',",,,,,,,
Exterior Siding - Composite Wood,ConstructionType,construction_type,constype21,"{table: :construction_type, code: ' constype21', label: 'Composite Wood'},","'constype21' => 'Exterior Siding - Composite Wood',",,,,,,,
Exterior Siding - Concrete,ConstructionType,construction_type,constype22,"{table: :construction_type, code: ' constype22', label: 'Concrete'},","'constype22' => 'Exterior Siding - Concrete',",,,,,,,
Exterior Siding - Hardboard,ConstructionType,construction_type,constype23,"{table: :construction_type, code: ' constype23', label: 'Hardboard'},","'constype23' => 'Exterior Siding - Hardboard',",,,,,,,
Exterior Siding - Log,ConstructionType,construction_type,constype24,"{table: :construction_type, code: ' constype24', label: 'Log'},","'constype24' => 'Exterior Siding - Log',",,,,,,,
Exterior Siding - Log Siding,ConstructionType,construction_type,constype25,"{table: :construction_type, code: ' constype25', label: 'Log Siding'},","'constype25' => 'Exterior Siding - Log Siding',",,,,,,,
Exterior Siding - Shingle,ConstructionType,construction_type,constype26,"{table: :construction_type, code: ' constype26', label: 'Shingle'},","'constype26' => 'Exterior Siding - Shingle',",,,,,,,
Exterior Siding - Steel,ConstructionType,construction_type,constype27,"{table: :construction_type, code: ' constype27', label: 'Steel'},","'constype27' => 'Exterior Siding - Steel',",,,,,,,
Exterior Siding - Stone,ConstructionType,construction_type,constype28,"{table: :construction_type, code: ' constype28', label: 'Stone'},","'constype28' => 'Exterior Siding - Stone',",,,,,,,
Exterior Siding - Stucco,ConstructionType,construction_type,constype29,"{table: :construction_type, code: ' constype29', label: 'Stucco'},","'constype29' => 'Exterior Siding - Stucco',",,,,,,,
Exterior Siding - Vinyl,ConstructionType,construction_type,constype30,"{table: :construction_type, code: ' constype30', label: 'Vinyl'},","'constype30' => 'Exterior Siding - Vinyl',",,,,,,,
Exterior Siding - Wood,ConstructionType,construction_type,constype31,"{table: :construction_type, code: ' constype31', label: 'Wood'},","'constype31' => 'Exterior Siding - Wood',",,,,,,,
Exterior Siding - Aluminum Siding,ConstructionType,construction_type,constype13,"{table: :construction_type, code: ' constype13', label: 'Aluminum Siding '},","'constype13' => 'Exterior Siding - Aluminum Siding',",,,,,,,
Exterior Siding - Shingle Siding,ConstructionType,construction_type,constype26,"{table: :construction_type, code: ' constype26', label: 'Shingle Siding '},","'constype26' => 'Exterior Siding - Shingle Siding',",,,,,,,
Exterior Siding - Steel Siding,ConstructionType,construction_type,constype27,"{table: :construction_type, code: ' constype27', label: 'Steel Siding '},","'constype27' => 'Exterior Siding - Steel Siding',",,,,,,,
Exterior Siding - Vinyl Siding,ConstructionType,construction_type,constype30,"{table: :construction_type, code: ' constype30', label: 'Vinyl Siding '},","'constype30' => 'Exterior Siding - Vinyl Siding',",,,,,,,
Exterior Siding - Wood Siding,ConstructionType,construction_type,constype31,"{table: :construction_type, code: ' constype31', label: 'Wood Siding '},","'constype31' => 'Exterior Siding - Wood Siding',",,,,,,,
Cooling Type - Attic Fan,CoolingType,cooling_type,cooltype1,"{table: :cooling_type, code: ' cooltype1', label: 'Attic Fan '},","'cooltype1' => 'Cooling Type - Attic Fan',",,,,,,,
Cooling Type - Central Air,CoolingType,cooling_type,cooltype2,"{table: :cooling_type, code: ' cooltype2', label: 'Central Air '},","'cooltype2' => 'Cooling Type - Central Air',",,,,,,,
Cooling Type - None,CoolingType,cooling_type,cooltype3,"{table: :cooling_type, code: ' cooltype3', label: 'None '},","'cooltype3' => 'Cooling Type - None',",,,,,,,
Cooling Type - Other,CoolingType,cooling_type,cooltype4,"{table: :cooling_type, code: ' cooltype4', label: 'Other '},","'cooltype4' => 'Cooling Type - Other',",,,,,,,
Cooling Type - Swamp Cooler,CoolingType,cooling_type,cooltype5,"{table: :cooling_type, code: ' cooltype5', label: 'Swamp Cooler '},","'cooltype5' => 'Cooling Type - Swamp Cooler',",,,,,,,
Cooling Type - Window Unit(s),CoolingType,cooling_type,cooltype6,"{table: :cooling_type, code: ' cooltype6', label: 'Window Unit(s) '},","'cooltype6' => 'Cooling Type - Window Unit(s)',",,,,,,,
Exterior Features - Acreage Fenced,ExteriorFeature,exterior_feature,exteriorfeature1,"{table: :exterior_feature, code: ' exteriorfeature1', label: 'Acreage Fenced '},","'exteriorfeature1' => 'Exterior Features - Acreage Fenced',",,,,,,,
Exterior Features - Adj to BLM,ExteriorFeature,exterior_feature,exteriorfeature2,"{table: :exterior_feature, code: ' exteriorfeature2', label: 'Adj to BLM '},","'exteriorfeature2' => 'Exterior Features - Adj to BLM',",,,,,,,
Exterior Features - Adj to Bureau of Reclamation,ExteriorFeature,exterior_feature,exteriorfeature3,"{table: :exterior_feature, code: ' exteriorfeature3', label: 'Adj to Bureau of Reclamation '},","'exteriorfeature3' => 'Exterior Features - Adj to Bureau of Reclamation',",,,,,,,
Exterior Features - Adj to National Forest,ExteriorFeature,exterior_feature,exteriorfeature4,"{table: :exterior_feature, code: ' exteriorfeature4', label: 'Adj to National Forest '},","'exteriorfeature4' => 'Exterior Features - Adj to National Forest',",,,,,,,
Exterior Features - Adj to State Land,ExteriorFeature,exterior_feature,exteriorfeature5,"{table: :exterior_feature, code: ' exteriorfeature5', label: 'Adj to State Land '},","'exteriorfeature5' => 'Exterior Features - Adj to State Land',",,,,,,,
Exterior Features - Barn,ExteriorFeature,exterior_feature,exteriorfeature6,"{table: :exterior_feature, code: ' exteriorfeature6', label: 'Barn '},","'exteriorfeature6' => 'Exterior Features - Barn',",,,,,,,
Exterior Features - Cable,ExteriorFeature,exterior_feature,exteriorfeature7,"{table: :exterior_feature, code: ' exteriorfeature7', label: 'Cable '},","'exteriorfeature7' => 'Exterior Features - Cable',",,,,,,,
Exterior Features - Chain Link Fence,ExteriorFeature,exterior_feature,exteriorfeature8,"{table: :exterior_feature, code: ' exteriorfeature8', label: 'Chain Link Fence '},","'exteriorfeature8' => 'Exterior Features - Chain Link Fence',",,,,,,,
Exterior Features - Concrete Ditches,ExteriorFeature,exterior_feature,exteriorfeature9,"{table: :exterior_feature, code: ' exteriorfeature9', label: 'Concrete Ditches '},","'exteriorfeature9' => 'Exterior Features - Concrete Ditches',",,,,,,,
Exterior Features - Corner Lot,ExteriorFeature,exterior_feature,exteriorfeature10,"{table: :exterior_feature, code: ' exteriorfeature10', label: 'Corner Lot '},","'exteriorfeature10' => 'Exterior Features - Corner Lot',",,,,,,,
Exterior Features - Corrals,ExteriorFeature,exterior_feature,exteriorfeature11,"{table: :exterior_feature, code: ' exteriorfeature11', label: 'Corrals '},","'exteriorfeature11' => 'Exterior Features - Corrals',",,,,,,,
Exterior Features - Covered Deck,ExteriorFeature,exterior_feature,exteriorfeature12,"{table: :exterior_feature, code: ' exteriorfeature12', label: 'Covered Deck '},","'exteriorfeature12' => 'Exterior Features - Covered Deck',",,,,,,,
Exterior Features - Covered Patio,ExteriorFeature,exterior_feature,exteriorfeature13,"{table: :exterior_feature, code: ' exteriorfeature13', label: 'Covered Patio '},","'exteriorfeature13' => 'Exterior Features - Covered Patio',",,,,,,,
Exterior Features - Creek,ExteriorFeature,exterior_feature,exteriorfeature14,"{table: :exterior_feature, code: ' exteriorfeature14', label: 'Creek '},","'exteriorfeature14' => 'Exterior Features - Creek',",,,,,,,
Exterior Features - Cul-de-Sac,ExteriorFeature,exterior_feature,exteriorfeature15,"{table: :exterior_feature, code: ' exteriorfeature15', label: 'Cul-de-Sac '},","'exteriorfeature15' => 'Exterior Features - Cul-de-Sac',",,,,,,,
Exterior Features - Deck,ExteriorFeature,exterior_feature,exteriorfeature16,"{table: :exterior_feature, code: ' exteriorfeature16', label: 'Deck '},","'exteriorfeature16' => 'Exterior Features - Deck',",,,,,,,
Exterior Features - Dirt Ditches,ExteriorFeature,exterior_feature,exteriorfeature17,"{table: :exterior_feature, code: ' exteriorfeature17', label: 'Dirt Ditches '},","'exteriorfeature17' => 'Exterior Features - Dirt Ditches',",,,,,,,
Exterior Features - Fenced Yard,ExteriorFeature,exterior_feature,exteriorfeature18,"{table: :exterior_feature, code: ' exteriorfeature18', label: 'Fenced Yard '},","'exteriorfeature18' => 'Exterior Features - Fenced Yard',",,,,,,,
Exterior Features - Fishing,ExteriorFeature,exterior_feature,exteriorfeature19,"{table: :exterior_feature, code: ' exteriorfeature19', label: 'Fishing '},","'exteriorfeature19' => 'Exterior Features - Fishing',",,,,,,,
Exterior Features - Flat Terrain,ExteriorFeature,exterior_feature,exteriorfeature20,"{table: :exterior_feature, code: ' exteriorfeature20', label: 'Flat Terrain '},","'exteriorfeature20' => 'Exterior Features - Flat Terrain',",,,,,,,
Exterior Features - Garden,ExteriorFeature,exterior_feature,exteriorfeature21,"{table: :exterior_feature, code: ' exteriorfeature21', label: 'Garden '},","'exteriorfeature21' => 'Exterior Features - Garden',",,,,,,,
Exterior Features - Golf Course Lot,ExteriorFeature,exterior_feature,exteriorfeature22,"{table: :exterior_feature, code: ' exteriorfeature22', label: 'Golf Course Lot '},","'exteriorfeature22' => 'Exterior Features - Golf Course Lot',",,,,,,,
Exterior Features - Greenhouse,ExteriorFeature,exterior_feature,exteriorfeature23,"{table: :exterior_feature, code: ' exteriorfeature23', label: 'Greenhouse '},","'exteriorfeature23' => 'Exterior Features - Greenhouse',",,,,,,,
Exterior Features - Guest House,ExteriorFeature,exterior_feature,exteriorfeature24,"{table: :exterior_feature, code: ' exteriorfeature24', label: 'Guest House '},","'exteriorfeature24' => 'Exterior Features - Guest House',",,,,,,,
Exterior Features - Hand Line,ExteriorFeature,exterior_feature,exteriorfeature25,"{table: :exterior_feature, code: ' exteriorfeature25', label: 'Hand Line '},","'exteriorfeature25' => 'Exterior Features - Hand Line',",,,,,,,
Exterior Features - Horse Property,ExteriorFeature,exterior_feature,exteriorfeature26,"{table: :exterior_feature, code: ' exteriorfeature26', label: 'Horse Property '},","'exteriorfeature26' => 'Exterior Features - Horse Property',",,,,,,,
Exterior Features - Hot Tub,ExteriorFeature,exterior_feature,exteriorfeature27,"{table: :exterior_feature, code: ' exteriorfeature27', label: 'Hot Tub '},","'exteriorfeature27' => 'Exterior Features - Hot Tub',",,,,,,,
Exterior Features - Hunting,ExteriorFeature,exterior_feature,exteriorfeature28,"{table: :exterior_feature, code: ' exteriorfeature28', label: 'Hunting '},","'exteriorfeature28' => 'Exterior Features - Hunting',",,,,,,,
Exterior Features - Irrigated,ExteriorFeature,exterior_feature,exteriorfeature29,"{table: :exterior_feature, code: ' exteriorfeature29', label: 'Irrigated '},","'exteriorfeature29' => 'Exterior Features - Irrigated',",,,,,,,
Exterior Features - Kennel (Dog),ExteriorFeature,exterior_feature,exteriorfeature30,"{table: :exterior_feature, code: ' exteriorfeature30', label: 'Kennel (Dog) '},","'exteriorfeature30' => 'Exterior Features - Kennel (Dog)',",,,,,,,
Exterior Features - Lake View,ExteriorFeature,exterior_feature,exteriorfeature31,"{table: :exterior_feature, code: ' exteriorfeature31', label: 'Lake View '},","'exteriorfeature31' => 'Exterior Features - Lake View',",,,,,,,
Exterior Features - Landscaping,ExteriorFeature,exterior_feature,exteriorfeature32,"{table: :exterior_feature, code: ' exteriorfeature32', label: 'Landscaping '},","'exteriorfeature32' => 'Exterior Features - Landscaping',",,,,,,,
Exterior Features - Loafing Shed,ExteriorFeature,exterior_feature,exteriorfeature33,"{table: :exterior_feature, code: ' exteriorfeature33', label: 'Loafing Shed '},","'exteriorfeature33' => 'Exterior Features - Loafing Shed',",,,,,,,
Exterior Features - Mountain View,ExteriorFeature,exterior_feature,exteriorfeature34,"{table: :exterior_feature, code: ' exteriorfeature34', label: 'Mountain View '},","'exteriorfeature34' => 'Exterior Features - Mountain View',",,,,,,,
Exterior Features - Natural Gas to Property,ExteriorFeature,exterior_feature,exteriorfeature35,"{table: :exterior_feature, code: ' exteriorfeature35', label: 'Natural Gas to Property '},","'exteriorfeature35' => 'Exterior Features - Natural Gas to Property',",,,,,,,
Exterior Features - Patio,ExteriorFeature,exterior_feature,exteriorfeature36,"{table: :exterior_feature, code: ' exteriorfeature36', label: 'Patio '},","'exteriorfeature36' => 'Exterior Features - Patio',",,,,,,,
Exterior Features - Pivot Irrigated,ExteriorFeature,exterior_feature,exteriorfeature37,"{table: :exterior_feature, code: ' exteriorfeature37', label: 'Pivot Irrigated '},","'exteriorfeature37' => 'Exterior Features - Pivot Irrigated',",,,,,,,
Exterior Features - Pond,ExteriorFeature,exterior_feature,exteriorfeature38,"{table: :exterior_feature, code: ' exteriorfeature38', label: 'Pond '},","'exteriorfeature38' => 'Exterior Features - Pond',",,,,,,,
Exterior Features - Pool,ExteriorFeature,exterior_feature,exteriorfeature39,"{table: :exterior_feature, code: ' exteriorfeature39', label: 'Pool '},","'exteriorfeature39' => 'Exterior Features - Pool',",,,,,,,
Exterior Features - Porch,ExteriorFeature,exterior_feature,exteriorfeature40,"{table: :exterior_feature, code: ' exteriorfeature40', label: 'Porch '},","'exteriorfeature40' => 'Exterior Features - Porch',",,,,,,,
Exterior Features - Production Ground,ExteriorFeature,exterior_feature,exteriorfeature41,"{table: :exterior_feature, code: ' exteriorfeature41', label: 'Production Ground '},","'exteriorfeature41' => 'Exterior Features - Production Ground',",,,,,,,
Exterior Features - Recreational,ExteriorFeature,exterior_feature,exteriorfeature42,"{table: :exterior_feature, code: ' exteriorfeature42', label: 'Recreational '},","'exteriorfeature42' => 'Exterior Features - Recreational',",,,,,,,
Exterior Features - River Frontage,ExteriorFeature,exterior_feature,exteriorfeature43,"{table: :exterior_feature, code: ' exteriorfeature43', label: 'River Frontage '},","'exteriorfeature43' => 'Exterior Features - River Frontage',",,,,,,,
Exterior Features - Rolling Terrain,ExteriorFeature,exterior_feature,exteriorfeature44,"{table: :exterior_feature, code: ' exteriorfeature44', label: 'Rolling Terrain '},","'exteriorfeature44' => 'Exterior Features - Rolling Terrain',",,,,,,,
Exterior Features - RV Parking,ExteriorFeature,exterior_feature,exteriorfeature45,"{table: :exterior_feature, code: ' exteriorfeature45', label: 'RV Parking '},","'exteriorfeature45' => 'Exterior Features - RV Parking',",,,,,,,
Exterior Features - Shop,ExteriorFeature,exterior_feature,exteriorfeature46,"{table: :exterior_feature, code: ' exteriorfeature46', label: 'Shop '},","'exteriorfeature46' => 'Exterior Features - Shop',",,,,,,,
Exterior Features - Spring,ExteriorFeature,exterior_feature,exteriorfeature47,"{table: :exterior_feature, code: ' exteriorfeature47', label: 'Spring '},","'exteriorfeature47' => 'Exterior Features - Spring',",,,,,,,
"Exterior Features - Sprinklers, Auto",ExteriorFeature,exterior_feature,exteriorfeature48,"{table: :exterior_feature, code: ' exteriorfeature48', label: 'Sprinklers, Auto '},","'exteriorfeature48' => 'Exterior Features - Sprinklers, Auto',",,,,,,,
"Exterior Features - Sprinklers, Manual",ExteriorFeature,exterior_feature,exteriorfeature49,"{table: :exterior_feature, code: ' exteriorfeature49', label: 'Sprinklers, Manual '},","'exteriorfeature49' => 'Exterior Features - Sprinklers, Manual',",,,,,,,
Exterior Features - Storage Building,ExteriorFeature,exterior_feature,exteriorfeature50,"{table: :exterior_feature, code: ' exteriorfeature50', label: 'Storage Building '},","'exteriorfeature50' => 'Exterior Features - Storage Building',",,,,,,,
Exterior Features - Wooded Acreage,ExteriorFeature,exterior_feature,exteriorfeature51,"{table: :exterior_feature, code: ' exteriorfeature51', label: 'Wooded Acreage '},","'exteriorfeature51' => 'Exterior Features - Wooded Acreage',",,,,,,,
Exterior Features - None,ExteriorFeature,exterior_feature,exteriorfeature52,"{table: :exterior_feature, code: ' exteriorfeature52', label: 'None '},","'exteriorfeature52' => 'Exterior Features - None',",,,,,,,
Exterior Features - Deck/Patio,ExteriorFeature,exterior_feature,exteriorfeature58,"{table: :exterior_feature, code: ' exteriorfeature58', label: 'Deck/Patio '},","'exteriorfeature58' => 'Exterior Features - Deck/Patio',",,,,,,,
Road Maintenance - Private,ExteriorFeature,exterior_feature,exteriorfeature54,"{table: :exterior_feature, code: ' exteriorfeature54', label: 'Private '},","'exteriorfeature54' => 'Road Maintenance - Private',",,,,,,,
Road Maintenance - Public,ExteriorFeature,exterior_feature,exteriorfeature55,"{table: :exterior_feature, code: ' exteriorfeature55', label: 'Public '},","'exteriorfeature55' => 'Road Maintenance - Public',",,,,,,,
Road Surface - Paved (Asphalt/Concrete),ExteriorFeature,exterior_feature,exteriorfeature56,"{table: :exterior_feature, code: ' exteriorfeature56', label: 'Paved (Asphalt/Concrete) '},","'exteriorfeature56' => 'Road Surface - Paved (Asphalt/Concrete)',",,,,,,,
Road Surface - Unpaved (Dirt/Gravel),ExteriorFeature,exterior_feature,exteriorfeature57,"{table: :exterior_feature, code: ' exteriorfeature57', label: 'Unpaved (Dirt/Gravel) '},","'exteriorfeature57' => 'Road Surface - Unpaved (Dirt/Gravel)',",,,,,,,
Leases and Permits - BLM,ExteriorFeature,exterior_feature,exteriorfeature59,"{table: :exterior_feature, code: ' exteriorfeature59', label: 'BLM '},","'exteriorfeature59' => 'Leases and Permits - BLM',",,,,,,,
Leases and Permits - State,ExteriorFeature,exterior_feature,exteriorfeature60,"{table: :exterior_feature, code: ' exteriorfeature60', label: 'State '},","'exteriorfeature60' => 'Leases and Permits - State',",,,,,,,
Leases and Permits - Forest Service,ExteriorFeature,exterior_feature,exteriorfeature61,"{table: :exterior_feature, code: ' exteriorfeature61', label: 'Forest Service '},","'exteriorfeature61' => 'Leases and Permits - Forest Service',",,,,,,,
Leases and Permits - Private,ExteriorFeature,exterior_feature,exteriorfeature62,"{table: :exterior_feature, code: ' exteriorfeature62', label: 'Private '},","'exteriorfeature62' => 'Leases and Permits - Private',",,,,,,,
Leases and Permits - None,ExteriorFeature,exterior_feature,exteriorfeature63,"{table: :exterior_feature, code: ' exteriorfeature63', label: 'None '},","'exteriorfeature63' => 'Leases and Permits - None',",,,,,,,
Leases and Permits - Other-See Remarks,ExteriorFeature,exterior_feature,exteriorfeature64,"{table: :exterior_feature, code: ' exteriorfeature64', label: 'Other-See Remarks '},","'exteriorfeature64' => 'Leases and Permits - Other-See Remarks',",,,,,,,
Commercial Features - Dock,ExteriorFeature,exterior_feature,exteriorfeature65,"{table: :exterior_feature, code: ' exteriorfeature65', label: 'Dock '},","'exteriorfeature65' => 'Commercial Features - Dock',",,,,,,,
Commercial Features - Rail Spur,ExteriorFeature,exterior_feature,exteriorfeature66,"{table: :exterior_feature, code: ' exteriorfeature66', label: 'Rail Spur '},","'exteriorfeature66' => 'Commercial Features - Rail Spur',",,,,,,,
Miscellaneous - P & L/Cash Flow Available,ExteriorFeature,exterior_feature,exteriorfeature67,"{table: :exterior_feature, code: ' exteriorfeature67', label: 'P & L/Cash Flow Available '},","'exteriorfeature67' => 'Miscellaneous - P & L/Cash Flow Available',",,,,,,,
Miscellaneous - Licenses/Permits Required,ExteriorFeature,exterior_feature,exteriorfeature68,"{table: :exterior_feature, code: ' exteriorfeature68', label: 'Licenses/Permits Required '},","'exteriorfeature68' => 'Miscellaneous - Licenses/Permits Required',",,,,,,,
Miscellaneous - Seller Will Train,ExteriorFeature,exterior_feature,exteriorfeature69,"{table: :exterior_feature, code: ' exteriorfeature69', label: 'Seller Will Train '},","'exteriorfeature69' => 'Miscellaneous - Seller Will Train',",,,,,,,
Miscellaneous - Franchise,ExteriorFeature,exterior_feature,exteriorfeature70,"{table: :exterior_feature, code: ' exteriorfeature70', label: 'Franchise '},","'exteriorfeature70' => 'Miscellaneous - Franchise',",,,,,,,
Miscellaneous - Building Currently Leased,ExteriorFeature,exterior_feature,exteriorfeature71,"{table: :exterior_feature, code: ' exteriorfeature71', label: 'Building Currently Leased '},","'exteriorfeature71' => 'Miscellaneous - Building Currently Leased',",,,,,,,
Miscellaneous - Environmental Study,ExteriorFeature,exterior_feature,exteriorfeature72,"{table: :exterior_feature, code: ' exteriorfeature72', label: 'Environmental Study '},","'exteriorfeature72' => 'Miscellaneous - Environmental Study',",,,,,,,
Miscellaneous - Highway Frontage,ExteriorFeature,exterior_feature,exteriorfeature73,"{table: :exterior_feature, code: ' exteriorfeature73', label: 'Highway Frontage '},","'exteriorfeature73' => 'Miscellaneous - Highway Frontage',",,,,,,,
Miscellaneous - Main Street Frontage,ExteriorFeature,exterior_feature,exteriorfeature74,"{table: :exterior_feature, code: ' exteriorfeature74', label: 'Main Street Frontage '},","'exteriorfeature74' => 'Miscellaneous - Main Street Frontage',",,,,,,,
Miscellaneous - Soil Test,ExteriorFeature,exterior_feature,exteriorfeature75,"{table: :exterior_feature, code: ' exteriorfeature75', label: 'Soil Test '},","'exteriorfeature75' => 'Miscellaneous - Soil Test',",,,,,,,
Miscellaneous - Seller to Sign Non-Compete,ExteriorFeature,exterior_feature,exteriorfeature76,"{table: :exterior_feature, code: ' exteriorfeature76', label: 'Seller to Sign Non-Compete '},","'exteriorfeature76' => 'Miscellaneous - Seller to Sign Non-Compete',",,,,,,,
Miscellaneous - Other Structures,ExteriorFeature,exterior_feature,exteriorfeature77,"{table: :exterior_feature, code: ' exteriorfeature77', label: 'Other Structures '},","'exteriorfeature77' => 'Miscellaneous - Other Structures',",,,,,,,
Miscellaneous - Special Assessments,ExteriorFeature,exterior_feature,exteriorfeature78,"{table: :exterior_feature, code: ' exteriorfeature78', label: 'Special Assessments '},","'exteriorfeature78' => 'Miscellaneous - Special Assessments',",,,,,,,
Miscellaneous - None,ExteriorFeature,exterior_feature,exteriorfeature79,"{table: :exterior_feature, code: ' exteriorfeature79', label: 'None '},","'exteriorfeature79' => 'Miscellaneous - None',",,,,,,,
Disclosures - Yes,ExteriorType,exterior_feature,exteriorfeature53,"{table: :exterior_feature, code: ' exteriorfeature53', label: 'Yes '},","'exteriorfeature53' => 'Disclosures - Yes',",,,,,,,
Financing - Cash,FinancialTerm,financial_term,financialterm1,"{table: :financial_term, code: ' financialterm1', label: 'Cash '},","'financialterm1' => 'Financing - Cash',",,,,,,,
Financing - VA,FinancialTerm,financial_term,financialterm2,"{table: :financial_term, code: ' financialterm2', label: 'VA '},","'financialterm2' => 'Financing - VA',",,,,,,,
Financing - FHA,FinancialTerm,financial_term,financialterm3,"{table: :financial_term, code: ' financialterm3', label: 'FHA '},","'financialterm3' => 'Financing - FHA',",,,,,,,
Financing - Owner,FinancialTerm,financial_term,financialterm4,"{table: :financial_term, code: ' financialterm4', label: 'Owner '},","'financialterm4' => 'Financing - Owner',",,,,,,,
Financing - USDA,FinancialTerm,financial_term,financialterm5,"{table: :financial_term, code: ' financialterm5', label: 'USDA '},","'financialterm5' => 'Financing - USDA',",,,,,,,
Financing - Assumable,FinancialTerm,financial_term,financialterm6,"{table: :financial_term, code: ' financialterm6', label: 'Assumable '},","'financialterm6' => 'Financing - Assumable',",,,,,,,
Financing - Conventional,FinancialTerm,financial_term,financialterm7,"{table: :financial_term, code: ' financialterm7', label: 'Conventional '},","'financialterm7' => 'Financing - Conventional',",,,,,,,
Financing - WCDA,FinancialTerm,financial_term,financialterm8,"{table: :financial_term, code: ' financialterm8', label: 'WCDA '},","'financialterm8' => 'Financing - WCDA',",,,,,,,
Financing - 1031,FinancialTerm,financial_term,financialterm9,"{table: :financial_term, code: ' financialterm9', label: '1031 '},","'financialterm9' => 'Financing - 1031',",,,,,,,
Financing - Other,FinancialTerm,financial_term,financialterm10,"{table: :financial_term, code: ' financialterm10', label: 'Other '},","'financialterm10' => 'Financing - Other',",,,,,,,
Fireplace Type - Electric,FireplaceType,fireplace_type,fireplace1,"{table: :fireplace_type, code: ' fireplace1', label: 'Electric '},","'fireplace1' => 'Fireplace Type - Electric',",,,,,,,
Fireplace Type - Gas,FireplaceType,fireplace_type,fireplace2,"{table: :fireplace_type, code: ' fireplace2', label: 'Gas '},","'fireplace2' => 'Fireplace Type - Gas',",,,,,,,
Fireplace Type - Wood,FireplaceType,fireplace_type,fireplace3,"{table: :fireplace_type, code: ' fireplace3', label: 'Wood '},","'fireplace3' => 'Fireplace Type - Wood',",,,,,,,
Fireplace Type - None,FireplaceType,fireplace_type,fireplace4,"{table: :fireplace_type, code: ' fireplace4', label: 'None '},","'fireplace4' => 'Fireplace Type - None',",,,,,,,
Heating Stove Type - Coal,HeatingType,heating_type,heating1,"{table: :heating_type, code: ' heating1', label: 'Coal '},","'heating1' => 'Heating Stove Type - Coal',",,,,,,,
Heating Stove Type - Corn,HeatingType,heating_type,heating2,"{table: :heating_type, code: ' heating2', label: 'Corn'},","'heating2' => 'Heating Stove Type - Corn',",,,,,,,
Heating Stove Type - Electric,HeatingType,heating_type,heating3,"{table: :heating_type, code: ' heating3', label: 'Electric '},","'heating3' => 'Heating Stove Type - Electric',",,,,,,,
Heating Stove Type - Gas,HeatingType,heating_type,heating4,"{table: :heating_type, code: ' heating4', label: 'Gas'},","'heating4' => 'Heating Stove Type - Gas',",,,,,,,
Heating Stove Type - Pellet,HeatingType,heating_type,heating5,"{table: :heating_type, code: ' heating5', label: 'Pellet'},","'heating5' => 'Heating Stove Type - Pellet',",,,,,,,
Heating Stove Type - Wood,HeatingType,heating_type,heating6,"{table: :heating_type, code: ' heating6', label: 'Wood'},","'heating6' => 'Heating Stove Type - Wood',",,,,,,,
Heating Stove Type - None,HeatingType,heating_type,heating7,"{table: :heating_type, code: ' heating7', label: 'None'},","'heating7' => 'Heating Stove Type - None',",,,,,,,
Interior Features - Attic Fan,InteriorFeature,interior_feature,interior1,"{table: :interior_feature, code: ' interior1', label: 'Attic Fan'},","'interior1' => 'Interior Features - Attic Fan',",,,,,,,
Interior Features - Breakfast Bar,InteriorFeature,interior_feature,interior2,"{table: :interior_feature, code: ' interior2', label: 'Breakfast Bar'},","'interior2' => 'Interior Features - Breakfast Bar',",,,,,,,
Interior Features - Breakfast Nook,InteriorFeature,interior_feature,interior3,"{table: :interior_feature, code: ' interior3', label: 'Breakfast Nook'},","'interior3' => 'Interior Features - Breakfast Nook',",,,,,,,
Interior Features - Ceiling Fan(s),InteriorFeature,interior_feature,interior4,"{table: :interior_feature, code: ' interior4', label: 'Ceiling Fan(s)'},","'interior4' => 'Interior Features - Ceiling Fan(s)',",,,,,,,
Interior Features - Central Vacuum System,InteriorFeature,interior_feature,interior5,"{table: :interior_feature, code: ' interior5', label: 'Central Vacuum System'},","'interior5' => 'Interior Features - Central Vacuum System',",,,,,,,
Interior Features - Disposal,InteriorFeature,interior_feature,interior6,"{table: :interior_feature, code: ' interior6', label: 'Disposal'},","'interior6' => 'Interior Features - Disposal',",,,,,,,
Interior Features - Garage Door Opener,InteriorFeature,interior_feature,interior7,"{table: :interior_feature, code: ' interior7', label: 'Garage Door Opener'},","'interior7' => 'Interior Features - Garage Door Opener',",,,,,,,
Interior Features - Handicap Access,InteriorFeature,interior_feature,interior8,"{table: :interior_feature, code: ' interior8', label: 'Handicap Access'},","'interior8' => 'Interior Features - Handicap Access',",,,,,,,
Interior Features - Home Theater,InteriorFeature,interior_feature,interior9,"{table: :interior_feature, code: ' interior9', label: 'Home Theater'},","'interior9' => 'Interior Features - Home Theater',",,,,,,,
Interior Features - Home Warranty,InteriorFeature,interior_feature,interior10,"{table: :interior_feature, code: ' interior10', label: 'Home Warranty'},","'interior10' => 'Interior Features - Home Warranty',",,,,,,,
Interior Features - Hot Tub,InteriorFeature,interior_feature,interior11,"{table: :interior_feature, code: ' interior11', label: 'Hot Tub'},","'interior11' => 'Interior Features - Hot Tub',",,,,,,,
Interior Features - Jetted Tub,InteriorFeature,interior_feature,interior12,"{table: :interior_feature, code: ' interior12', label: 'Jetted Tub'},","'interior12' => 'Interior Features - Jetted Tub',",,,,,,,
Interior Features - Loft,InteriorFeature,interior_feature,interior13,"{table: :interior_feature, code: ' interior13', label: 'Loft'},","'interior13' => 'Interior Features - Loft',",,,,,,,
Interior Features - Mud Room,InteriorFeature,interior_feature,interior14,"{table: :interior_feature, code: ' interior14', label: 'Mud Room'},","'interior14' => 'Interior Features - Mud Room',",,,,,,,
Interior Features - Pantry,InteriorFeature,interior_feature,interior15,"{table: :interior_feature, code: ' interior15', label: 'Pantry'},","'interior15' => 'Interior Features - Pantry',",,,,,,,
Interior Features - Porch,InteriorFeature,interior_feature,interior16,"{table: :interior_feature, code: ' interior16', label: 'Porch'},","'interior16' => 'Interior Features - Porch',",,,,,,,
Interior Features - RO System,InteriorFeature,interior_feature,interior17,"{table: :interior_feature, code: ' interior17', label: 'RO System'},","'interior17' => 'Interior Features - RO System',",,,,,,,
Interior Features - Satellite Dish,InteriorFeature,interior_feature,interior18,"{table: :interior_feature, code: ' interior18', label: 'Satellite Dish'},","'interior18' => 'Interior Features - Satellite Dish',",,,,,,,
Interior Features - Sauna,InteriorFeature,interior_feature,interior19,"{table: :interior_feature, code: ' interior19', label: 'Sauna'},","'interior19' => 'Interior Features - Sauna',",,,,,,,
Interior Features - Security System,InteriorFeature,interior_feature,interior20,"{table: :interior_feature, code: ' interior20', label: 'Security System'},","'interior20' => 'Interior Features - Security System',",,,,,,,
Interior Features - Skylights,InteriorFeature,interior_feature,interior21,"{table: :interior_feature, code: ' interior21', label: 'Skylights'},","'interior21' => 'Interior Features - Skylights',",,,,,,,
Interior Features - Sump Pump,InteriorFeature,interior_feature,interior22,"{table: :interior_feature, code: ' interior22', label: 'Sump Pump'},","'interior22' => 'Interior Features - Sump Pump',",,,,,,,
Interior Features - Tile Floor,InteriorFeature,interior_feature,interior23,"{table: :interior_feature, code: ' interior23', label: 'Tile Floor'},","'interior23' => 'Interior Features - Tile Floor',",,,,,,,
Interior Features - Trash Compactor,InteriorFeature,interior_feature,interior24,"{table: :interior_feature, code: ' interior24', label: 'Trash Compactor'},","'interior24' => 'Interior Features - Trash Compactor',",,,,,,,
Interior Features - Vaulted Ceiling(s),InteriorFeature,interior_feature,interior25,"{table: :interior_feature, code: ' interior25', label: 'Vaulted Ceiling(s)'},","'interior25' => 'Interior Features - Vaulted Ceiling(s)',",,,,,,,
Interior Features - Walk-in Closet(s),InteriorFeature,interior_feature,interior26,"{table: :interior_feature, code: ' interior26', label: 'Walk-in Closet(s)'},","'interior26' => 'Interior Features - Walk-in Closet(s)',",,,,,,,
Interior Features - Water Softener (owned),InteriorFeature,interior_feature,interior27,"{table: :interior_feature, code: ' interior27', label: 'Water Softener (owned)'},","'interior27' => 'Interior Features - Water Softener (owned)',",,,,,,,
Interior Features - Water Softener (leased),InteriorFeature,interior_feature,interior28,"{table: :interior_feature, code: ' interior28', label: 'Water Softener (leased)'},","'interior28' => 'Interior Features - Water Softener (leased)',",,,,,,,
Interior Features - Wet Bar,InteriorFeature,interior_feature,interior29,"{table: :interior_feature, code: ' interior29', label: 'Wet Bar'},","'interior29' => 'Interior Features - Wet Bar',",,,,,,,
Interior Features - Wood Floor,InteriorFeature,interior_feature,interior30,"{table: :interior_feature, code: ' interior30', label: 'Wood Floor'},","'interior30' => 'Interior Features - Wood Floor',",,,,,,,
Commercial Features - 220 Volt,InteriorFeature,interior_feature,interior31,"{table: :interior_feature, code: ' interior31', label: '220 Volt '},","'interior31' => 'Commercial Features - 220 Volt',",,,,,,,
Commercial Features - 3-Phase Electric,InteriorFeature,interior_feature,interior32,"{table: :interior_feature, code: ' interior32', label: '3-Phase Electric '},","'interior32' => 'Commercial Features - 3-Phase Electric',",,,,,,,
Commercial Features - DSL/Cable,InteriorFeature,interior_feature,interior33,"{table: :interior_feature, code: ' interior33', label: 'DSL/Cable '},","'interior33' => 'Commercial Features - DSL/Cable',",,,,,,,
Commercial Features - Elevator,InteriorFeature,interior_feature,interior34,"{table: :interior_feature, code: ' interior34', label: 'Elevator '},","'interior34' => 'Commercial Features - Elevator',",,,,,,,
Commercial Features - Fiber Optic,InteriorFeature,interior_feature,interior35,"{table: :interior_feature, code: ' interior35', label: 'Fiber Optic '},","'interior35' => 'Commercial Features - Fiber Optic',",,,,,,,
Commercial Features - Handicapped Access,InteriorFeature,interior_feature,interior36,"{table: :interior_feature, code: ' interior36', label: 'Handicapped Access '},","'interior36' => 'Commercial Features - Handicapped Access',",,,,,,,
Commercial Features - Security System,InteriorFeature,interior_feature,interior37,"{table: :interior_feature, code: ' interior37', label: 'Security System '},","'interior37' => 'Commercial Features - Security System',",,,,,,,
Commercial Features - Specialty Equipment,InteriorFeature,interior_feature,interior38,"{table: :interior_feature, code: ' interior38', label: 'Specialty Equipment '},","'interior38' => 'Commercial Features - Specialty Equipment',",,,,,,,
Commercial Features - None,InteriorFeature,interior_feature,interior39,"{table: :interior_feature, code: ' interior39', label: 'None '},","'interior39' => 'Commercial Features - None',",,,,,,,
Miscellaneous - Leased Equipment,InteriorFeature,interior_feature,interior40,"{table: :interior_feature, code: ' interior40', label: 'Leased Equipment '},","'interior40' => 'Miscellaneous - Leased Equipment',",,,,,,,
Miscellaneous - Fire Sprinkler System,InteriorFeature,interior_feature,interior41,"{table: :interior_feature, code: ' interior41', label: 'Fire Sprinkler System '},","'interior41' => 'Miscellaneous - Fire Sprinkler System',",,,,,,,
Miscellaneous - Inventory Included,InteriorFeature,interior_feature,interior42,"{table: :interior_feature, code: ' interior42', label: 'Inventory Included '},","'interior42' => 'Miscellaneous - Inventory Included',",,,,,,,
Miscellaneous - Irrigation,IrrigationType,irrigation_type,irrigationtype1,"{table: :irrigation_type, code: ' irrigationtype1', label: 'Irrigation '},","'irrigationtype1' => 'Miscellaneous - Irrigation',",,,,,,,
Topography - Flat,LandType,land_type,land1,"{table: :land_type, code: ' land1', label: 'Flat '},","'land1' => 'Topography - Flat',",,,,,,,
Topography - Mountainous,LandType,land_type,land2,"{table: :land_type, code: ' land2', label: 'Mountainous '},","'land2' => 'Topography - Mountainous',",,,,,,,
Topography - Rolling,LandType,land_type,land3,"{table: :land_type, code: ' land3', label: 'Rolling '},","'land3' => 'Topography - Rolling',",,,,,,,
Topography - Steep,LandType,land_type,land4,"{table: :land_type, code: ' land4', label: 'Steep '},","'land4' => 'Topography - Steep',",,,,,,,
Topography - Flat,LandType,land_type,land1,"{table: :land_type, code: ' land1', label: 'Flat '},","'land1' => 'Topography - Flat',",,,,,,,
Topography - Mountainous,LandType,land_type,land2,"{table: :land_type, code: ' land2', label: ' Mountainous '},","'land2' => 'Topography - Mountainous',",,,,,,,
Topography - Rolling,LandType,land_type,land3,"{table: :land_type, code: ' land3', label: 'Rolling '},","'land3' => 'Topography - Rolling',",,,,,,,
Topography - Steep,LandType,land_type,land4,"{table: :land_type, code: ' land4', label: 'Steep '},","'land4' => 'Topography - Steep',",,,,,,,
Type Leased Land - BLM,LandType,land_type,land5,"{table: :land_type, code: ' land5', label: 'BLM '},","'land5' => 'Type Leased Land - BLM',",,,,,,,
Type Leased Land - Bureau of Reclamation,LandType,land_type,land6,"{table: :land_type, code: ' land6', label: 'Bureau of Reclamation '},","'land6' => 'Type Leased Land - Bureau of Reclamation',",,,,,,,
Type Leased Land - Forest Service,LandType,land_type,land7,"{table: :land_type, code: ' land7', label: 'Forest Service '},","'land7' => 'Type Leased Land - Forest Service',",,,,,,,
Type Leased Land - Private,LandType,land_type,land8,"{table: :land_type, code: ' land8', label: 'Private '},","'land8' => 'Type Leased Land - Private',",,,,,,,
Type Leased Land - State,LandType,land_type,land9,"{table: :land_type, code: ' land9', label: 'State '},","'land9' => 'Type Leased Land - State',",,,,,,,
Type Leased Land - None,LandType,land_type,land10,"{table: :land_type, code: ' land10', label: 'None '},","'land10' => 'Type Leased Land - None',",,,,,,,
Area - Clark,MlsArea,mls_area,area1,"{table: :mls_area, code: ' area1', label: 'Clark '},","'area1' => 'Area - Clark',",,,,,,,
Area - Cody in Town,MlsArea,mls_area,area2,"{table: :mls_area, code: ' area2', label: 'Cody in Town '},","'area2' => 'Area - Cody in Town',",,,,,,,
Area - Cody Out of Town,MlsArea,mls_area,area3,"{table: :mls_area, code: ' area3', label: 'Cody Out of Town '},","'area3' => 'Area - Cody Out of Town',",,,,,,,
Area - Meeteetse,MlsArea,mls_area,area4,"{table: :mls_area, code: ' area4', label: 'Meeteetse '},","'area4' => 'Area - Meeteetse',",,,,,,,
Area - Montana,MlsArea,mls_area,area5,"{table: :mls_area, code: ' area5', label: 'Montana '},","'area5' => 'Area - Montana',",,,,,,,
Area - N Big Horn in Town,MlsArea,mls_area,area6,"{table: :mls_area, code: ' area6', label: 'N Big Horn in Town '},","'area6' => 'Area - N Big Horn in Town',",,,,,,,
Area - N Big Horn Out of Town,MlsArea,mls_area,area7,"{table: :mls_area, code: ' area7', label: 'N Big Horn Out of Town '},","'area7' => 'Area - N Big Horn Out of Town',",,,,,,,
Area - Out of Area,MlsArea,mls_area,area8,"{table: :mls_area, code: ' area8', label: 'Out of Area '},","'area8' => 'Area - Out of Area',",,,,,,,
Area - Powell in Town,MlsArea,mls_area,area9,"{table: :mls_area, code: ' area9', label: 'Powell in Town '},","'area9' => 'Area - Powell in Town',",,,,,,,
Area - Powell Out of Town,MlsArea,mls_area,area10,"{table: :mls_area, code: ' area10', label: 'Powell Out of Town '},","'area10' => 'Area - Powell Out of Town',",,,,,,,
Area - S Big Horn in Town,MlsArea,mls_area,area11,"{table: :mls_area, code: ' area11', label: 'S Big Horn in Town '},","'area11' => 'Area - S Big Horn in Town',",,,,,,,
Area - S Big Horn Out of Town,MlsArea,mls_area,area12,"{table: :mls_area, code: ' area12', label: 'S Big Horn Out of Town '},","'area12' => 'Area - S Big Horn Out of Town',",,,,,,,
Area - Sunlight/Crandall,MlsArea,mls_area,area13,"{table: :mls_area, code: ' area13', label: 'Sunlight/Crandall '},","'area13' => 'Area - Sunlight/Crandall',",,,,,,,
Garage/Type Stalls - None,ParkingType,parking_type,parking1,"{table: :parking_type, code: ' parking1', label: 'None '},","'parking1' => 'Garage/Type Stalls - None',",,,,,,,
Garage/Type Stalls - Attached-1 Stall,ParkingType,parking_type,parking2,"{table: :parking_type, code: ' parking2', label: 'Attached-1 Stall '},","'parking2' => 'Garage/Type Stalls - Attached-1 Stall',",,,,,,,
Garage/Type Stalls - Attached-2 Stalls,ParkingType,parking_type,parking3,"{table: :parking_type, code: ' parking3', label: 'Attached-2 Stalls '},","'parking3' => 'Garage/Type Stalls - Attached-2 Stalls',",,,,,,,
Garage/Type Stalls - Attached-3 Stalls,ParkingType,parking_type,parking4,"{table: :parking_type, code: ' parking4', label: 'Attached-3 Stalls '},","'parking4' => 'Garage/Type Stalls - Attached-3 Stalls',",,,,,,,
Garage/Type Stalls - Attached-4 Stalls,ParkingType,parking_type,parking5,"{table: :parking_type, code: ' parking5', label: 'Attached-4 Stalls '},","'parking5' => 'Garage/Type Stalls - Attached-4 Stalls',",,,,,,,
Garage/Type Stalls - Carport-1 Stall,ParkingType,parking_type,parking6,"{table: :parking_type, code: ' parking6', label: 'Carport-1 Stall '},","'parking6' => 'Garage/Type Stalls - Carport-1 Stall',",,,,,,,
Garage/Type Stalls - Carport-2 Stalls,ParkingType,parking_type,parking7,"{table: :parking_type, code: ' parking7', label: 'Carport-2 Stalls '},","'parking7' => 'Garage/Type Stalls - Carport-2 Stalls',",,,,,,,
Garage/Type Stalls - Detached-1 Stall,ParkingType,parking_type,parking8,"{table: :parking_type, code: ' parking8', label: 'Detached-1 Stall '},","'parking8' => 'Garage/Type Stalls - Detached-1 Stall',",,,,,,,
Garage/Type Stalls - Detached-2 Stalls,ParkingType,parking_type,parking9,"{table: :parking_type, code: ' parking9', label: 'Detached-2 Stalls '},","'parking9' => 'Garage/Type Stalls - Detached-2 Stalls',",,,,,,,
Garage/Type Stalls - Detached-3 Stalls,ParkingType,parking_type,parking10,"{table: :parking_type, code: ' parking10', label: 'Detached-3 Stalls '},","'parking10' => 'Garage/Type Stalls - Detached-3 Stalls',",,,,,,,
Garage/Type Stalls - Detached-4 Stalls,ParkingType,parking_type,parking11,"{table: :parking_type, code: ' parking11', label: 'Detached-4 Stalls '},","'parking11' => 'Garage/Type Stalls - Detached-4 Stalls',",,,,,,,
Parking Availability - Alley,ParkingType,parking_type,parking12,"{table: :parking_type, code: ' parking12', label: 'Alley '},","'parking12' => 'Parking Availability - Alley',",,,,,,,
Parking Availability - Private Lot,ParkingType,parking_type,parking13,"{table: :parking_type, code: ' parking13', label: 'Private Lot '},","'parking13' => 'Parking Availability - Private Lot',",,,,,,,
Parking Availability - Public Lot,ParkingType,parking_type,parking14,"{table: :parking_type, code: ' parking14', label: 'Public Lot '},","'parking14' => 'Parking Availability - Public Lot',",,,,,,,
Parking Availability - Street,ParkingType,parking_type,parking15,"{table: :parking_type, code: ' parking15', label: 'Street '},","'parking15' => 'Parking Availability - Street',",,,,,,,
Property Status - Active,PropertyStatus,status,active,"{table: :status, code: ' active', label: 'Active '},","'active' => 'Property Status - Active',",,,,,,,
Property Status - Active with Contingency,PropertyStatus,status,active,"{table: :status, code: ' active', label: 'Active with Contingency '},","'active' => 'Property Status - Active with Contingency',",,,,,,,
Property Status - Pending,PropertyStatus,status,under-contract,"{table: :status, code: ' under-contract', label: 'Pending '},","'under-contract' => 'Property Status - Pending',",,,,,,,
Property Status - Closed,PropertyStatus,status,sold,"{table: :status, code: ' sold', label: 'Closed '},","'sold' => 'Property Status - Closed',",,,,,,,
Property Status - Withdrawn,PropertyStatus,status,withdrawn,"{table: :status, code: ' withdrawn', label: 'Withdrawn '},","'withdrawn' => 'Property Status - Withdrawn',",,,,,,,
Property Status - Expired,PropertyStatus,status,expired,"{table: :status, code: ' expired', label: 'Expired '},","'expired' => 'Property Status - Expired',",,,,,,,
Property Status - Temporarily Off Market,PropertyStatus,status,temporarily-off-market,"{table: :status, code: ' temporarily-off-market', label: 'Temporarily Off Market '},","'temporarily-off-market' => 'Property Status - Temporarily Off Market',",,,,,,,
Property Status - Rented,PropertyStatus,status,rented,"{table: :status, code: ' rented', label: 'Rented '},","'rented' => 'Property Status - Rented',",,,,,,,
Property Type - Residential,PropertySubType,property_sub_type,propertysubtype1,"{table: :property_sub_type, code: ' propertysubtype1', label: 'Residential '},","'propertysubtype1' => 'Property Type - Residential',",,,,,,,
Property Type - Residential Non MLS,PropertySubType,property_sub_type,propertysubtype2,"{table: :property_sub_type, code: ' propertysubtype2', label: 'Residential Non MLS '},","'propertysubtype2' => 'Property Type - Residential Non MLS',",,,,,,,
Property Type - Farm/Ranch (min 35 acres),PropertySubType,property_sub_type,propertysubtype3,"{table: :property_sub_type, code: ' propertysubtype3', label: 'Farm/Ranch (min 35 acres) '},","'propertysubtype3' => 'Property Type - Farm/Ranch (min 35 acres)',",,,,,,,
Property Type - Farm/Ranch-Land Only,PropertySubType,property_sub_type,propertysubtype4,"{table: :property_sub_type, code: ' propertysubtype4', label: 'Farm/Ranch-Land Only '},","'propertysubtype4' => 'Property Type - Farm/Ranch-Land Only',",,,,,,,
Property Type - Farm/Ranch Non MLS,PropertySubType,property_sub_type,propertysubtype5,"{table: :property_sub_type, code: ' propertysubtype5', label: 'Farm/Ranch Non MLS '},","'propertysubtype5' => 'Property Type - Farm/Ranch Non MLS',",,,,,,,
Property Type - Multi-Family,PropertySubType,property_sub_type,propertysubtype6,"{table: :property_sub_type, code: ' propertysubtype6', label: 'Multi-Family '},","'propertysubtype6' => 'Property Type - Multi-Family',",,,,,,,
Property Type - Multi-Family Non MLS,PropertySubType,property_sub_type,propertysubtype7,"{table: :property_sub_type, code: ' propertysubtype7', label: 'Multi-Family Non MLS '},","'propertysubtype7' => 'Property Type - Multi-Family Non MLS',",,,,,,,
Property Type - Lots/Land,PropertySubType,property_sub_type,propertysubtype8,"{table: :property_sub_type, code: ' propertysubtype8', label: 'Lots/Land '},","'propertysubtype8' => 'Property Type - Lots/Land',",,,,,,,
Property Type - Lots/Land Non MLS,PropertySubType,property_sub_type,propertysubtype9,"{table: :property_sub_type, code: ' propertysubtype9', label: 'Lots/Land Non MLS '},","'propertysubtype9' => 'Property Type - Lots/Land Non MLS',",,,,,,,
Property Type - Building Only,PropertySubType,property_sub_type,propertysubtype10,"{table: :property_sub_type, code: ' propertysubtype10', label: 'Building Only '},","'propertysubtype10' => 'Property Type - Building Only',",,,,,,,
Property Type - Business & Building,PropertySubType,property_sub_type,propertysubtype11,"{table: :property_sub_type, code: ' propertysubtype11', label: 'Business & Building '},","'propertysubtype11' => 'Property Type - Business & Building',",,,,,,,
Property Type - Commercial Non MLS,PropertySubType,property_sub_type,propertysubtype12,"{table: :property_sub_type, code: ' propertysubtype12', label: 'Commercial Non MLS '},","'propertysubtype12' => 'Property Type - Commercial Non MLS',",,,,,,,
Property Type - Business Only,PropertySubType,property_sub_type,propertysubtype13,"{table: :property_sub_type, code: ' propertysubtype13', label: 'Business Only '},","'propertysubtype13' => 'Property Type - Business Only',",,,,,,,
Property Type - Residential Lease,PropertySubType,property_sub_type,propertysubtype14,"{table: :property_sub_type, code: ' propertysubtype14', label: 'Residential Lease '},","'propertysubtype14' => 'Property Type - Residential Lease',",,,,,,,
Roof - Built-Up,RoofType,roof_type,roof1,"{table: :roof_type, code: ' roof1', label: 'Built-Up '},","'roof1' => 'Roof - Built-Up',",,,,,,,
Roof - Composition,RoofType,roof_type,roof2,"{table: :roof_type, code: ' roof2', label: 'Composition '},","'roof2' => 'Roof - Composition',",,,,,,,
Roof - Foam,RoofType,roof_type,roof5,"{table: :roof_type, code: ' roof5', label: 'Foam '},","'roof5' => 'Roof - Foam',",,,,,,,
Roof - Masonite,RoofType,roof_type,roof13,"{table: :roof_type, code: ' roof13', label: 'Masonite '},","'roof13' => 'Roof - Masonite',",,,,,,,
Roof - Membrane,RoofType,roof_type,roof3,"{table: :roof_type, code: ' roof3', label: 'Membrane '},","'roof3' => 'Roof - Membrane',",,,,,,,
Roof - Metal,RoofType,roof_type,roof4,"{table: :roof_type, code: ' roof4', label: 'Metal '},","'roof4' => 'Roof - Metal',",,,,,,,
Roof - Roll Roofing,RoofType,roof_type,roof6,"{table: :roof_type, code: ' roof6', label: 'Roll Roofing '},","'roof6' => 'Roof - Roll Roofing',",,,,,,,
Roof - Shake,RoofType,roof_type,roof12,"{table: :roof_type, code: ' roof12', label: 'Shake '},","'roof12' => 'Roof - Shake',",,,,,,,
Roof - Shingle,RoofType,roof_type,roof11,"{table: :roof_type, code: ' roof11', label: 'Shingle '},","'roof11' => 'Roof - Shingle',",,,,,,,
Roof - Single-Ply Roof,RoofType,roof_type,roof7,"{table: :roof_type, code: ' roof7', label: 'Single-Ply Roof '},","'roof7' => 'Roof - Single-Ply Roof',",,,,,,,
Roof - Tar/Gravel,RoofType,roof_type,roof10,"{table: :roof_type, code: ' roof10', label: 'Tar/Gravel '},","'roof10' => 'Roof - Tar/Gravel',",,,,,,,
Roof - Tile,RoofType,roof_type,roof8,"{table: :roof_type, code: ' roof8', label: 'Tile '},","'roof8' => 'Roof - Tile',",,,,,,,
Roof - Wood,RoofType,roof_type,roof9,"{table: :roof_type, code: ' roof9', label: 'Wood '},","'roof9' => 'Roof - Wood',",,,,,,,
Sewer - Aerobic Septic,SewerType,sewer_type,sewer1,"{table: :sewer_type, code: ' sewer1', label: 'Aerobic Septic '},","'sewer1' => 'Sewer - Aerobic Septic',",,,,,,,
Sewer - Central,SewerType,sewer_type,sewer2,"{table: :sewer_type, code: ' sewer2', label: 'Central '},","'sewer2' => 'Sewer - Central',",,,,,,,
Sewer - City,SewerType,sewer_type,sewer3,"{table: :sewer_type, code: ' sewer3', label: 'City '},","'sewer3' => 'Sewer - City',",,,,,,,
Sewer - City Sewer Connection Available,SewerType,sewer_type,sewer4,"{table: :sewer_type, code: ' sewer4', label: 'City Sewer Connection Available '},","'sewer4' => 'Sewer - City Sewer Connection Available',",,,,,,,
Sewer - Connected to City Sewer,SewerType,sewer_type,sewer5,"{table: :sewer_type, code: ' sewer5', label: 'Connected to City Sewer '},","'sewer5' => 'Sewer - Connected to City Sewer',",,,,,,,
Sewer - Engineered Septic,SewerType,sewer_type,sewer6,"{table: :sewer_type, code: ' sewer6', label: 'Engineered Septic '},","'sewer6' => 'Sewer - Engineered Septic',",,,,,,,
Sewer - Mound Septic,SewerType,sewer_type,sewer7,"{table: :sewer_type, code: ' sewer7', label: 'Mound Septic '},","'sewer7' => 'Sewer - Mound Septic',",,,,,,,
Sewer - None,SewerType,sewer_type,sewer8,"{table: :sewer_type, code: ' sewer8', label: 'None '},","'sewer8' => 'Sewer - None',",,,,,,,
Sewer - Red Lodge,SewerType,sewer_type,sewer9,"{table: :sewer_type, code: ' sewer9', label: 'Red Lodge '},","'sewer9' => 'Sewer - Red Lodge',",,,,,,,
Sewer - Septic Needed,SewerType,sewer_type,sewer10,"{table: :sewer_type, code: ' sewer10', label: 'Septic Needed '},","'sewer10' => 'Sewer - Septic Needed',",,,,,,,
Sewer - Septic Tank,SewerType,sewer_type,sewer11,"{table: :sewer_type, code: ' sewer11', label: 'Septic Tank '},","'sewer11' => 'Sewer - Septic Tank',",,,,,,,
Sewer - Shared Septic,SewerType,sewer_type,sewer12,"{table: :sewer_type, code: ' sewer12', label: 'Shared Septic '},","'sewer12' => 'Sewer - Shared Septic',",,,,,,,
House Design - 1 Story,Style,style,style1,"{table: :style, code: ' style1', label: '1 Story '},","'style1' => 'House Design - 1 Story',",,,,,,,
House Design - 1.5 Story,Style,style,style2,"{table: :style, code: ' style2', label: '1.5 Story '},","'style2' => 'House Design - 1.5 Story',",,,,,,,
House Design - 2 Story,Style,style,style3,"{table: :style, code: ' style3', label: '2 Story '},","'style3' => 'House Design - 2 Story',",,,,,,,
House Design - 2.5 Story,Style,style,style4,"{table: :style, code: ' style4', label: '2.5 Story '},","'style4' => 'House Design - 2.5 Story',",,,,,,,
House Design - Bi-Level,Style,style,style5,"{table: :style, code: ' style5', label: 'Bi-Level '},","'style5' => 'House Design - Bi-Level',",,,,,,,
House Design - Condominium,Style,style,style6,"{table: :style, code: ' style6', label: 'Condominium '},","'style6' => 'House Design - Condominium',",,,,,,,
House Design - Singlewide,Style,style,style7,"{table: :style, code: ' style7', label: 'Singlewide '},","'style7' => 'House Design - Singlewide',",,,,,,,
House Design - Doublewide,Style,style,style8,"{table: :style, code: ' style8', label: 'Doublewide '},","'style8' => 'House Design - Doublewide',",,,,,,,
House Design - Triplewide,Style,style,style9,"{table: :style, code: ' style9', label: 'Triplewide '},","'style9' => 'House Design - Triplewide',",,,,,,,
House Design - Modular,Style,style,style21,"{table: :style, code: ' style21', label: 'Modular '},","'style21' => 'House Design - Modular',",,,,,,,
House Design - Multi-Level,Style,style,style10,"{table: :style, code: ' style10', label: 'Multi-Level '},","'style10' => 'House Design - Multi-Level',",,,,,,,
House Design - Tri/Split Level,Style,style,style11,"{table: :style, code: ' style11', label: 'Tri/Split Level '},","'style11' => 'House Design - Tri/Split Level',",,,,,,,
House Design - Townhouse,Style,style,style12,"{table: :style, code: ' style12', label: 'Townhouse '},","'style12' => 'House Design - Townhouse',",,,,,,,
House Design - Shop House,Style,style,style13,"{table: :style, code: ' style13', label: 'Shop House '},","'style13' => 'House Design - Shop House',",,,,,,,
Business Type - Accounting,Style,style,style22,"{table: :style, code: ' style22', label: 'Accounting '},","'style22' => 'Business Type - Accounting',",,,,,,,
Business Type - Agriculture,Style,style,style23,"{table: :style, code: ' style23', label: 'Agriculture '},","'style23' => 'Business Type - Agriculture',",,,,,,,
Business Type - Appliances,Style,style,style24,"{table: :style, code: ' style24', label: 'Appliances '},","'style24' => 'Business Type - Appliances',",,,,,,,
Business Type - Appraisal,Style,style,style25,"{table: :style, code: ' style25', label: 'Appraisal '},","'style25' => 'Business Type - Appraisal',",,,,,,,
Business Type - Auto Repair-Speclty,Style,style,style26,"{table: :style, code: ' style26', label: 'Auto Repair-Speclty '},","'style26' => 'Business Type - Auto Repair-Speclty',",,,,,,,
Business Type - Auto Sales,Style,style,style27,"{table: :style, code: ' style27', label: 'Auto Sales '},","'style27' => 'Business Type - Auto Sales',",,,,,,,
Business Type - Liquor Store,Style,style,style28,"{table: :style, code: ' style28', label: 'Liquor Store '},","'style28' => 'Business Type - Liquor Store',",,,,,,,
Business Type - Bed & Breakfast,Style,style,style29,"{table: :style, code: ' style29', label: 'Bed & Breakfast '},","'style29' => 'Business Type - Bed & Breakfast',",,,,,,,
Business Type - Campground,Style,style,style30,"{table: :style, code: ' style30', label: 'Campground '},","'style30' => 'Business Type - Campground',",,,,,,,
Business Type - Car Wash,Style,style,style31,"{table: :style, code: ' style31', label: 'Car Wash '},","'style31' => 'Business Type - Car Wash',",,,,,,,
Business Type - Construction/Contractor,Style,style,style32,"{table: :style, code: ' style32', label: 'Construction/Contractor '},","'style32' => 'Business Type - Construction/Contractor',",,,,,,,
Business Type - Convenience Store,Style,style,style33,"{table: :style, code: ' style33', label: 'Convenience Store '},","'style33' => 'Business Type - Convenience Store',",,,,,,,
Business Type - Electrical,Style,style,style34,"{table: :style, code: ' style34', label: 'Electrical '},","'style34' => 'Business Type - Electrical',",,,,,,,
Business Type - Furniture,Style,style,style35,"{table: :style, code: ' style35', label: 'Furniture '},","'style35' => 'Business Type - Furniture',",,,,,,,
Business Type - Gas Station,Style,style,style36,"{table: :style, code: ' style36', label: 'Gas Station '},","'style36' => 'Business Type - Gas Station',",,,,,,,
Business Type - Hair Salon,Style,style,style37,"{table: :style, code: ' style37', label: 'Hair Salon '},","'style37' => 'Business Type - Hair Salon',",,,,,,,
Business Type - Heat/Air Conditioning,Style,style,style38,"{table: :style, code: ' style38', label: 'Heat/Air Conditioning '},","'style38' => 'Business Type - Heat/Air Conditioning',",,,,,,,
Business Type - Hotel/Motel,Style,style,style39,"{table: :style, code: ' style39', label: 'Hotel/Motel '},","'style39' => 'Business Type - Hotel/Motel',",,,,,,,
Business Type - Industrial,Style,style,style40,"{table: :style, code: ' style40', label: 'Industrial '},","'style40' => 'Business Type - Industrial',",,,,,,,
Business Type - Laundromat,Style,style,style41,"{table: :style, code: ' style41', label: 'Laundromat '},","'style41' => 'Business Type - Laundromat',",,,,,,,
Business Type - Lumber,Style,style,style42,"{table: :style, code: ' style42', label: 'Lumber '},","'style42' => 'Business Type - Lumber',",,,,,,,
Business Type - Manufacturing,Style,style,style43,"{table: :style, code: ' style43', label: 'Manufacturing '},","'style43' => 'Business Type - Manufacturing',",,,,,,,
Business Type - Medical,Style,style,style44,"{table: :style, code: ' style44', label: 'Medical '},","'style44' => 'Business Type - Medical',",,,,,,,
Business Type - Mobile Home Park,Style,style,style45,"{table: :style, code: ' style45', label: 'Mobile Home Park '},","'style45' => 'Business Type - Mobile Home Park',",,,,,,,
Business Type - Outfitting,Style,style,style46,"{table: :style, code: ' style46', label: 'Outfitting '},","'style46' => 'Business Type - Outfitting',",,,,,,,
Business Type - Photography,Style,style,style47,"{table: :style, code: ' style47', label: 'Photography '},","'style47' => 'Business Type - Photography',",,,,,,,
Business Type - Plumbing,Style,style,style48,"{table: :style, code: ' style48', label: 'Plumbing '},","'style48' => 'Business Type - Plumbing',",,,,,,,
Business Type - Professional/Office,Style,style,style49,"{table: :style, code: ' style49', label: 'Professional/Office '},","'style49' => 'Business Type - Professional/Office',",,,,,,,
Business Type - Real Estate,Style,style,style50,"{table: :style, code: ' style50', label: 'Real Estate '},","'style50' => 'Business Type - Real Estate',",,,,,,,
Business Type - Restaurant,Style,style,style51,"{table: :style, code: ' style51', label: 'Restaurant '},","'style51' => 'Business Type - Restaurant',",,,,,,,
Business Type - Retail,Style,style,style52,"{table: :style, code: ' style52', label: 'Retail '},","'style52' => 'Business Type - Retail',",,,,,,,
Business Type - Storage,Style,style,style53,"{table: :style, code: ' style53', label: 'Storage '},","'style53' => 'Business Type - Storage',",,,,,,,
Business Type - Veterinary,Style,style,style54,"{table: :style, code: ' style54', label: 'Veterinary '},","'style54' => 'Business Type - Veterinary',",,,,,,,
Business Type - Video,Style,style,style55,"{table: :style, code: ' style55', label: 'Video '},","'style55' => 'Business Type - Video',",,,,,,,
Business Type - Bar/Tavern/Lounge,Style,style,style56,"{table: :style, code: ' style56', label: 'Bar/Tavern/Lounge '},","'style56' => 'Business Type - Bar/Tavern/Lounge',",,,,,,,
Business Type - Other,Style,style,style57,"{table: :style, code: ' style57', label: 'Other '},","'style57' => 'Business Type - Other',",,,,,,,
Potential Uses - Residential,Style,style,style14,"{table: :style, code: ' style14', label: 'Residential '},","'style14' => 'Potential Uses - Residential',",,,,,,,
Potential Uses - Multi-Family,Style,style,style15,"{table: :style, code: ' style15', label: 'Multi-Family '},","'style15' => 'Potential Uses - Multi-Family',",,,,,,,
Potential Uses - Commercial,Style,style,style16,"{table: :style, code: ' style16', label: 'Commercial '},","'style16' => 'Potential Uses - Commercial',",,,,,,,
Potential Uses - Industrial,Style,style,style17,"{table: :style, code: ' style17', label: 'Industrial '},","'style17' => 'Potential Uses - Industrial',",,,,,,,
Potential Uses - Agricultural,Style,style,style18,"{table: :style, code: ' style18', label: 'Agricultural '},","'style18' => 'Potential Uses - Agricultural',",,,,,,,
Potential Uses - Recreational,Style,style,style19,"{table: :style, code: ' style19', label: 'Recreational '},","'style19' => 'Potential Uses - Recreational',",,,,,,,
Potential Uses - Other,Style,style,style20,"{table: :style, code: ' style20', label: 'Other '},","'style20' => 'Potential Uses - Other',",,,,,,,
Water Rights - Well,WaterSource,water_source,water1,"{table: :water_source, code: ' water1', label: 'Well '},","'water1' => 'Water Rights - Well',",,,,,,,
Water Rights - Surface,WaterSource,water_source,water2,"{table: :water_source, code: ' water2', label: 'Surface '},","'water2' => 'Water Rights - Surface',",,,,,,,
Water Rights - Territorial,WaterSource,water_source,water3,"{table: :water_source, code: ' water3', label: 'Territorial '},","'water3' => 'Water Rights - Territorial',",,,,,,,
Water Rights - Reservoir,WaterSource,water_source,water4,"{table: :water_source, code: ' water4', label: 'Reservoir '},","'water4' => 'Water Rights - Reservoir',",,,,,,,
Water Rights - Water District,WaterSource,water_source,water5,"{table: :water_source, code: ' water5', label: 'Water District '},","'water5' => 'Water Rights - Water District',",,,,,,,
Water Rights - None,WaterSource,water_source,water6,"{table: :water_source, code: ' water6', label: 'None '},","'water6' => 'Water Rights - None',",,,,,,,
Water Rights - Other-See Remarks,WaterSource,water_source,water7,"{table: :water_source, code: ' water7', label: 'Other-See Remarks '},","'water7' => 'Water Rights - Other-See Remarks',",,,,,,,
,,,,,,,,,,,,
,,,,,,,,,,,,
,,,,,,,,,,,,
,,,,,,,,,,,,
,,,,,,,,,,,,
,,,,,,,,,,,,
,,,,,,,,,,,,
,,,,,,,,,,,,
,,,,,,,,,,,,
,,,,,,,,,,,,
,,,,,,,,,,,,
,,,,,,,,,,,,
,,,,,,,,,,,,
,,,,,,,,,,,,
,,,,,,,,,,,,
,,,,,,,,,,,,
,,,,,,,,,,,,
,,,,,,,,,,,,
,,,,,,,,,,,,
,,,,,,,,,,,,
,,,,,,,,,,,,
,,,,,,,,,,,,
,,,,,,,,,,,,
,,,,,,,,,,,,
,,,,,,,,,,,,
,,,,,,,,,,,,
,,,,,,,,,,,,
,,,,,,,,,,,,
,,,,,,,,,,,,
,,,,,,,,,,,,
,,,,,,,,,,,,
,,,,,,,,,,,,
,,,,,,,,,,,,
,,,,,,,,,,,,
,,,,,,,,,,,,
,,,,,,,,,,,,
,,,,,,,,,,,,
,,,,,,,,,,,,
,,,,,,,,,,,,
,,,,,,,,,,,,
,,,,,,,,,,,,
,,,,,,,,,,,,
,,,,,,,,,,,,
,,,,,,,,,,,,
,,,,,,,,,,,,
,,,,,,,,,,,,
,,,,,,,,,,,,
,,,,,,,,,,,,
,,,,,,,,,,,,
,,,,,,,,,,,,
,,,,,,,,,,,,
,,,,,,,,,,,,
,,,,,,,,,,,,
,,,,,,,,,,,,
,,,,,,,,,,,,
,,,,,,,,,,,,
,,,,,,,,,,,,
,,,,,,,,,,,,
,,,,,,,,,,,,
,,,,,,,,,,,,
,,,,,,,,,,,,
,,,,,,,,,,,,
,,,,,,,,,,,,
,,,,,,,,,,,,
,,,,,,,,,,,,
,,,,,,,,,,,,
,,,,,,,,,,,,
,,,,,,,,,,,,
,,,,,,,,,,,,
,,,,,,,,,,,,
,,,,,,,,,,,,
,,,,,,,,,,,,
,,,,,,,,,,,,
,,,,,,,,,,,,
,,,,,,,,,,,,
,,,,,,,,,,,,
,,,,,,,,,,,,
,,,,,,,,,,,,
,,,,,,,,,,,,
,,,,,,,,,,,,
,,,,,,,,,,,,
,,,,,,,,,,,,
,,,,,,,,,,,,
,,,,,,,,,,,,
,,,,,,,,,,,,
,,,,,,,,,,,,
,,,,,,,,,,,,
,,,,,,,,,,,,
,,,,,,,,,,,,
,,,,,,,,,,,,
,,,,,,,,,,,,
,,,,,,,,,,,,
,,,,,,,,,,,,
,,,,,,,,,,,,
,,,,,,,,,,,,
,,,,,,,,,,,,
,,,,,,,,,,,,
,,,,,,,,,,,,
,,,,,,,,,,,,
,,,,,,,,,,,,